customer_id,payment_date,payment_amount
CUST_1,2023-05-08,1638.6666666666667
CUST_1,2023-06-07,1638.6666666666667
CUST_1,2023-07-07,1638.6666666666667
CUST_1,2023-09-05,1638.6666666666667
CUST_1,2023-10-05,1638.6666666666667
CUST_1,2023-11-04,1638.6666666666667
CUST_1,2023-12-04,1638.6666666666667
CUST_1,2024-01-03,1638.6666666666667
CUST_1,2024-02-02,1638.6666666666667
CUST_1,2024-03-03,1638.6666666666667
CUST_1,2024-04-02,1638.6666666666667
CUST_2,2023-07-04,1307.6666666666667
CUST_2,2023-08-03,1307.6666666666667
CUST_2,2023-09-02,1307.6666666666667
CUST_2,2023-11-01,1307.6666666666667
CUST_2,2023-12-01,1307.6666666666667
CUST_2,2023-12-31,1307.6666666666667
CUST_2,2024-01-30,1307.6666666666667
CUST_2,2024-02-29,1307.6666666666667
CUST_2,2024-03-30,1307.6666666666667
CUST_2,2024-04-29,1307.6666666666667
CUST_2,2024-05-29,1307.6666666666667
CUST_3,2023-09-30,422.5833333333333
CUST_3,2023-10-30,422.5833333333333
CUST_3,2023-11-29,422.5833333333333
CUST_3,2024-01-28,422.5833333333333
CUST_3,2024-02-27,422.5833333333333
CUST_3,2024-03-28,422.5833333333333
CUST_3,2024-04-27,422.5833333333333
CUST_3,2024-05-27,422.5833333333333
CUST_3,2024-06-26,422.5833333333333
CUST_3,2024-07-26,422.5833333333333
CUST_3,2024-08-25,422.5833333333333
CUST_3,2024-09-24,422.5833333333333
CUST_3,2024-11-23,422.5833333333333
CUST_3,2024-12-23,422.5833333333333
CUST_3,2025-01-22,422.5833333333333
CUST_3,2025-03-23,422.5833333333333
CUST_3,2025-04-22,422.5833333333333
CUST_3,2025-05-22,422.5833333333333
CUST_3,2025-06-21,422.5833333333333
CUST_3,2025-07-21,422.5833333333333
CUST_3,2025-08-20,422.5833333333333
CUST_4,2023-05-22,3328.5
CUST_4,2023-07-21,3328.5
CUST_4,2023-08-20,3328.5
CUST_4,2023-09-19,3328.5
CUST_4,2023-10-19,3328.5
CUST_5,2023-07-11,154.33333333333334
CUST_5,2023-08-10,154.33333333333334
CUST_5,2023-09-09,154.33333333333334
CUST_5,2023-10-09,154.33333333333334
CUST_5,2023-11-08,154.33333333333334
CUST_5,2023-12-08,154.33333333333334
CUST_5,2024-02-06,154.33333333333334
CUST_5,2024-03-07,154.33333333333334
CUST_5,2024-04-06,154.33333333333334
CUST_5,2024-05-06,154.33333333333334
CUST_5,2024-06-05,154.33333333333334
CUST_5,2024-07-05,154.33333333333334
CUST_5,2024-08-04,154.33333333333334
CUST_5,2024-09-03,154.33333333333334
CUST_5,2024-10-03,154.33333333333334
CUST_5,2024-11-02,154.33333333333334
CUST_5,2024-12-02,154.33333333333334
CUST_5,2025-01-01,154.33333333333334
CUST_5,2025-01-31,154.33333333333334
CUST_5,2025-03-02,154.33333333333334
CUST_5,2025-04-01,154.33333333333334
CUST_5,2025-05-01,154.33333333333334
CUST_6,2023-04-06,2339.5
CUST_6,2023-05-06,2339.5
CUST_6,2023-06-05,2339.5
CUST_6,2023-07-05,2339.5
CUST_6,2023-08-04,2339.5
CUST_6,2023-09-03,2339.5
CUST_7,2023-08-11,1793.5
CUST_7,2023-09-10,1793.5
CUST_7,2023-10-10,1793.5
CUST_7,2023-11-09,1793.5
CUST_7,2023-12-09,1793.5
CUST_7,2024-01-08,1793.5
CUST_8,2023-07-08,1095.0
CUST_8,2023-08-07,1095.0
CUST_8,2023-09-06,1095.0
CUST_8,2023-10-06,1095.0
CUST_8,2023-11-05,1095.0
CUST_8,2023-12-05,1095.0
CUST_9,2023-10-15,1249.4166666666667
CUST_9,2023-11-14,1249.4166666666667
CUST_9,2023-12-14,1249.4166666666667
CUST_9,2024-01-13,1249.4166666666667
CUST_9,2024-02-12,1249.4166666666667
CUST_9,2024-03-13,1249.4166666666667
CUST_9,2024-05-12,1249.4166666666667
CUST_9,2024-06-11,1249.4166666666667
CUST_9,2024-07-11,1249.4166666666667
CUST_9,2024-08-10,1249.4166666666667
CUST_10,2023-07-10,90.58333333333333
CUST_10,2023-08-09,90.58333333333333
CUST_10,2023-09-08,90.58333333333333
CUST_10,2023-10-08,90.58333333333333
CUST_10,2023-11-07,90.58333333333333
CUST_10,2023-12-07,90.58333333333333
CUST_10,2024-01-06,90.58333333333333
CUST_10,2024-02-05,90.58333333333333
CUST_10,2024-03-06,90.58333333333333
CUST_10,2024-06-04,90.58333333333333
CUST_10,2024-07-04,90.58333333333333
CUST_10,2024-08-03,90.58333333333333
CUST_10,2024-09-02,90.58333333333333
CUST_10,2024-10-02,90.58333333333333
CUST_10,2024-11-01,90.58333333333333
CUST_10,2024-12-01,90.58333333333333
CUST_10,2024-12-31,90.58333333333333
CUST_10,2025-01-30,90.58333333333333
CUST_10,2025-03-01,90.58333333333333
CUST_10,2025-03-31,90.58333333333333
CUST_10,2025-04-30,90.58333333333333
CUST_10,2025-05-30,90.58333333333333
CUST_11,2023-06-20,2656.1666666666665
CUST_11,2023-07-20,2656.1666666666665
CUST_11,2023-08-19,2656.1666666666665
CUST_11,2023-09-18,2656.1666666666665
CUST_11,2023-10-18,2656.1666666666665
CUST_11,2023-11-17,2656.1666666666665
CUST_12,2023-11-17,531.125
CUST_12,2023-12-17,531.125
CUST_12,2024-01-16,531.125
CUST_12,2024-02-15,531.125
CUST_12,2024-03-16,531.125
CUST_12,2024-04-15,531.125
CUST_12,2024-06-14,531.125
CUST_12,2024-07-14,531.125
CUST_12,2024-08-13,531.125
CUST_12,2024-09-12,531.125
CUST_12,2024-10-12,531.125
CUST_12,2024-11-11,531.125
CUST_12,2024-12-11,531.125
CUST_12,2025-01-10,531.125
CUST_12,2025-02-09,531.125
CUST_12,2025-03-11,531.125
CUST_12,2025-04-10,531.125
CUST_12,2025-05-10,531.125
CUST_12,2025-06-09,531.125
CUST_12,2025-08-08,531.125
CUST_12,2025-09-07,531.125
CUST_12,2025-10-07,531.125
CUST_13,2023-01-28,836.0
CUST_13,2023-02-27,836.0
CUST_13,2023-03-29,836.0
CUST_13,2023-04-28,836.0
CUST_13,2023-05-28,836.0
CUST_13,2023-06-27,836.0
CUST_13,2023-07-27,836.0
CUST_13,2023-08-26,836.0
CUST_13,2023-09-25,836.0
CUST_13,2023-10-25,836.0
CUST_13,2023-11-24,836.0
CUST_13,2023-12-24,836.0
CUST_14,2023-04-16,522.5833333333334
CUST_14,2023-05-16,522.5833333333334
CUST_14,2023-06-15,522.5833333333334
CUST_14,2023-07-15,522.5833333333334
CUST_14,2023-08-14,522.5833333333334
CUST_14,2023-09-13,522.5833333333334
CUST_14,2023-10-13,522.5833333333334
CUST_14,2023-11-12,522.5833333333334
CUST_14,2023-12-12,522.5833333333334
CUST_14,2024-01-11,522.5833333333334
CUST_14,2024-02-10,522.5833333333334
CUST_14,2024-03-11,522.5833333333334
CUST_15,2024-01-30,2347.0
CUST_15,2024-02-29,2347.0
CUST_15,2024-03-30,2347.0
CUST_15,2024-04-29,2347.0
CUST_15,2024-05-29,2347.0
CUST_16,2023-10-15,685.5416666666666
CUST_16,2023-11-14,685.5416666666666
CUST_16,2023-12-14,685.5416666666666
CUST_16,2024-01-13,685.5416666666666
CUST_16,2024-03-13,685.5416666666666
CUST_16,2024-04-12,685.5416666666666
CUST_16,2024-05-12,685.5416666666666
CUST_16,2024-06-11,685.5416666666666
CUST_16,2024-07-11,685.5416666666666
CUST_16,2024-08-10,685.5416666666666
CUST_16,2024-09-09,685.5416666666666
CUST_16,2024-10-09,685.5416666666666
CUST_16,2024-11-08,685.5416666666666
CUST_16,2024-12-08,685.5416666666666
CUST_16,2025-01-07,685.5416666666666
CUST_16,2025-02-06,685.5416666666666
CUST_16,2025-03-08,685.5416666666666
CUST_16,2025-04-07,685.5416666666666
CUST_16,2025-05-07,685.5416666666666
CUST_16,2025-06-06,685.5416666666666
CUST_16,2025-07-06,685.5416666666666
CUST_16,2025-08-05,685.5416666666666
CUST_16,2025-09-04,685.5416666666666
CUST_17,2023-03-28,2934.0
CUST_17,2023-04-27,2934.0
CUST_17,2023-05-27,2934.0
CUST_17,2023-07-26,2934.0
CUST_17,2023-08-25,2934.0
CUST_18,2023-06-06,1663.0833333333333
CUST_18,2023-07-06,1663.0833333333333
CUST_18,2023-08-05,1663.0833333333333
CUST_18,2023-09-04,1663.0833333333333
CUST_18,2023-10-04,1663.0833333333333
CUST_18,2023-11-03,1663.0833333333333
CUST_18,2023-12-03,1663.0833333333333
CUST_18,2024-01-02,1663.0833333333333
CUST_18,2024-02-01,1663.0833333333333
CUST_18,2024-03-02,1663.0833333333333
CUST_18,2024-04-01,1663.0833333333333
CUST_18,2024-05-01,1663.0833333333333
CUST_19,2023-09-16,777.5416666666666
CUST_19,2023-10-16,777.5416666666666
CUST_19,2023-11-15,777.5416666666666
CUST_19,2023-12-15,777.5416666666666
CUST_19,2024-02-13,777.5416666666666
CUST_19,2024-03-14,777.5416666666666
CUST_19,2024-04-13,777.5416666666666
CUST_19,2024-05-13,777.5416666666666
CUST_19,2024-07-12,777.5416666666666
CUST_19,2024-08-11,777.5416666666666
CUST_19,2024-09-10,777.5416666666666
CUST_19,2024-10-10,777.5416666666666
CUST_19,2024-11-09,777.5416666666666
CUST_19,2024-12-09,777.5416666666666
CUST_19,2025-01-08,777.5416666666666
CUST_19,2025-02-07,777.5416666666666
CUST_19,2025-03-09,777.5416666666666
CUST_19,2025-04-08,777.5416666666666
CUST_19,2025-08-06,777.5416666666666
CUST_20,2023-12-17,1424.5
CUST_20,2024-01-16,1424.5
CUST_20,2024-02-15,1424.5
CUST_20,2024-04-15,1424.5
CUST_20,2024-05-15,1424.5
CUST_21,2023-08-21,621.5
CUST_21,2023-09-20,621.5
CUST_21,2023-10-20,621.5
CUST_21,2023-11-19,621.5
CUST_21,2023-12-19,621.5
CUST_21,2024-01-18,621.5
CUST_22,2023-06-17,1371.1666666666667
CUST_22,2023-07-17,1371.1666666666667
CUST_22,2023-08-16,1371.1666666666667
CUST_22,2023-09-15,1371.1666666666667
CUST_22,2023-10-15,1371.1666666666667
CUST_22,2023-11-14,1371.1666666666667
CUST_23,2023-09-03,1622.0833333333333
CUST_23,2023-10-03,1622.0833333333333
CUST_23,2023-11-02,1622.0833333333333
CUST_23,2023-12-02,1622.0833333333333
CUST_23,2024-01-01,1622.0833333333333
CUST_23,2024-01-31,1622.0833333333333
CUST_23,2024-03-01,1622.0833333333333
CUST_23,2024-03-31,1622.0833333333333
CUST_23,2024-04-30,1622.0833333333333
CUST_23,2024-05-30,1622.0833333333333
CUST_23,2024-06-29,1622.0833333333333
CUST_23,2024-07-29,1622.0833333333333
CUST_24,2023-02-23,1421.5
CUST_24,2023-03-25,1421.5
CUST_24,2023-04-24,1421.5
CUST_24,2023-05-24,1421.5
CUST_24,2023-06-23,1421.5
CUST_24,2023-07-23,1421.5
CUST_24,2023-08-22,1421.5
CUST_24,2023-09-21,1421.5
CUST_24,2023-10-21,1421.5
CUST_24,2023-11-20,1421.5
CUST_24,2023-12-20,1421.5
CUST_24,2024-01-19,1421.5
CUST_25,2023-10-19,1355.25
CUST_25,2023-12-18,1355.25
CUST_25,2024-01-17,1355.25
CUST_25,2024-02-16,1355.25
CUST_25,2024-03-17,1355.25
CUST_25,2024-04-16,1355.25
CUST_25,2024-05-16,1355.25
CUST_25,2024-06-15,1355.25
CUST_25,2024-07-15,1355.25
CUST_25,2024-08-14,1355.25
CUST_25,2024-09-13,1355.25
CUST_26,2023-03-30,1600.0
CUST_26,2023-04-29,1600.0
CUST_26,2023-05-29,1600.0
CUST_26,2023-06-28,1600.0
CUST_26,2023-07-28,1600.0
CUST_26,2023-08-27,1600.0
CUST_26,2023-09-26,1600.0
CUST_26,2023-10-26,1600.0
CUST_26,2023-11-25,1600.0
CUST_26,2023-12-25,1600.0
CUST_26,2024-01-24,1600.0
CUST_26,2024-02-23,1600.0
CUST_27,2023-06-13,63.583333333333336
CUST_27,2023-08-12,63.583333333333336
CUST_27,2023-09-11,63.583333333333336
CUST_27,2023-10-11,63.583333333333336
CUST_27,2023-11-10,63.583333333333336
CUST_27,2023-12-10,63.583333333333336
CUST_27,2024-01-09,63.583333333333336
CUST_27,2024-02-08,63.583333333333336
CUST_27,2024-03-09,63.583333333333336
CUST_27,2024-05-08,63.583333333333336
CUST_27,2024-07-07,63.583333333333336
CUST_27,2024-08-06,63.583333333333336
CUST_27,2024-09-05,63.583333333333336
CUST_27,2024-10-05,63.583333333333336
CUST_27,2024-11-04,63.583333333333336
CUST_27,2024-12-04,63.583333333333336
CUST_27,2025-01-03,63.583333333333336
CUST_27,2025-02-02,63.583333333333336
CUST_27,2025-03-04,63.583333333333336
CUST_27,2025-04-03,63.583333333333336
CUST_28,2023-02-26,129.79166666666666
CUST_28,2023-03-28,129.79166666666666
CUST_28,2023-04-27,129.79166666666666
CUST_28,2023-05-27,129.79166666666666
CUST_28,2023-06-26,129.79166666666666
CUST_28,2023-07-26,129.79166666666666
CUST_28,2023-08-25,129.79166666666666
CUST_28,2023-09-24,129.79166666666666
CUST_28,2023-10-24,129.79166666666666
CUST_28,2023-11-23,129.79166666666666
CUST_28,2023-12-23,129.79166666666666
CUST_28,2024-01-22,129.79166666666666
CUST_28,2024-02-21,129.79166666666666
CUST_28,2024-03-22,129.79166666666666
CUST_28,2024-04-21,129.79166666666666
CUST_28,2024-05-21,129.79166666666666
CUST_28,2024-07-20,129.79166666666666
CUST_28,2024-08-19,129.79166666666666
CUST_28,2024-10-18,129.79166666666666
CUST_28,2024-11-17,129.79166666666666
CUST_28,2025-01-16,129.79166666666666
CUST_29,2023-01-07,1980.6666666666667
CUST_29,2023-02-06,1980.6666666666667
CUST_29,2023-03-08,1980.6666666666667
CUST_29,2023-05-07,1980.6666666666667
CUST_29,2023-06-06,1980.6666666666667
CUST_30,2023-02-08,814.375
CUST_30,2023-03-10,814.375
CUST_30,2023-04-09,814.375
CUST_30,2023-05-09,814.375
CUST_30,2023-06-08,814.375
CUST_30,2023-07-08,814.375
CUST_30,2023-09-06,814.375
CUST_30,2023-10-06,814.375
CUST_30,2023-11-05,814.375
CUST_30,2023-12-05,814.375
CUST_30,2024-01-04,814.375
CUST_30,2024-02-03,814.375
CUST_30,2024-03-04,814.375
CUST_30,2024-04-03,814.375
CUST_30,2024-05-03,814.375
CUST_30,2024-06-02,814.375
CUST_30,2024-07-02,814.375
CUST_30,2024-08-01,814.375
CUST_30,2024-08-31,814.375
CUST_30,2024-09-30,814.375
CUST_30,2024-10-30,814.375
CUST_30,2024-11-29,814.375
CUST_30,2024-12-29,814.375
CUST_31,2023-07-15,1620.0
CUST_31,2023-08-14,1620.0
CUST_31,2023-09-13,1620.0
CUST_31,2023-10-13,1620.0
CUST_31,2023-11-12,1620.0
CUST_31,2023-12-12,1620.0
CUST_32,2023-04-04,1096.25
CUST_32,2023-05-04,1096.25
CUST_32,2023-06-03,1096.25
CUST_32,2023-07-03,1096.25
CUST_32,2023-08-02,1096.25
CUST_32,2023-09-01,1096.25
CUST_32,2023-10-01,1096.25
CUST_32,2023-10-31,1096.25
CUST_32,2023-11-30,1096.25
CUST_32,2023-12-30,1096.25
CUST_32,2024-01-29,1096.25
CUST_32,2024-02-28,1096.25
CUST_33,2023-08-28,278.0
CUST_33,2023-09-27,278.0
CUST_33,2023-10-27,278.0
CUST_33,2023-11-26,278.0
CUST_33,2023-12-26,278.0
CUST_33,2024-01-25,278.0
CUST_33,2024-02-24,278.0
CUST_33,2024-03-25,278.0
CUST_33,2024-04-24,278.0
CUST_33,2024-05-24,278.0
CUST_33,2024-06-23,278.0
CUST_33,2024-07-23,278.0
CUST_34,2023-05-09,1954.0
CUST_34,2023-07-08,1954.0
CUST_34,2023-09-06,1954.0
CUST_34,2023-10-06,1954.0
CUST_35,2023-07-04,831.875
CUST_35,2023-08-03,831.875
CUST_35,2023-09-02,831.875
CUST_35,2023-10-02,831.875
CUST_35,2023-12-01,831.875
CUST_35,2023-12-31,831.875
CUST_35,2024-01-30,831.875
CUST_35,2024-02-29,831.875
CUST_35,2024-03-30,831.875
CUST_35,2024-04-29,831.875
CUST_35,2024-05-29,831.875
CUST_35,2024-07-28,831.875
CUST_35,2024-08-27,831.875
CUST_35,2024-09-26,831.875
CUST_35,2024-10-26,831.875
CUST_35,2024-11-25,831.875
CUST_35,2025-01-24,831.875
CUST_35,2025-02-23,831.875
CUST_35,2025-03-25,831.875
CUST_35,2025-04-24,831.875
CUST_35,2025-05-24,831.875
CUST_36,2023-04-09,281.875
CUST_36,2023-05-09,281.875
CUST_36,2023-06-08,281.875
CUST_36,2023-07-08,281.875
CUST_36,2023-08-07,281.875
CUST_36,2023-09-06,281.875
CUST_36,2023-10-06,281.875
CUST_36,2023-11-05,281.875
CUST_36,2023-12-05,281.875
CUST_36,2024-01-04,281.875
CUST_36,2024-02-03,281.875
CUST_36,2024-03-04,281.875
CUST_36,2024-04-03,281.875
CUST_36,2024-05-03,281.875
CUST_36,2024-06-02,281.875
CUST_36,2024-07-02,281.875
CUST_36,2024-08-01,281.875
CUST_36,2024-08-31,281.875
CUST_36,2024-09-30,281.875
CUST_36,2024-10-30,281.875
CUST_36,2024-11-29,281.875
CUST_36,2024-12-29,281.875
CUST_36,2025-01-28,281.875
CUST_37,2023-04-23,1758.0
CUST_37,2023-05-23,1758.0
CUST_37,2023-07-22,1758.0
CUST_37,2023-08-21,1758.0
CUST_37,2023-09-20,1758.0
CUST_38,2023-09-19,3193.8333333333335
CUST_38,2023-10-19,3193.8333333333335
CUST_38,2023-11-18,3193.8333333333335
CUST_38,2023-12-18,3193.8333333333335
CUST_38,2024-01-17,3193.8333333333335
CUST_38,2024-02-16,3193.8333333333335
CUST_39,2023-11-17,3085.8333333333335
CUST_39,2023-12-17,3085.8333333333335
CUST_39,2024-01-16,3085.8333333333335
CUST_39,2024-02-15,3085.8333333333335
CUST_39,2024-03-16,3085.8333333333335
CUST_39,2024-04-15,3085.8333333333335
CUST_40,2023-02-16,2515.5
CUST_40,2023-03-18,2515.5
CUST_40,2023-04-17,2515.5
CUST_40,2023-05-17,2515.5
CUST_40,2023-06-16,2515.5
CUST_40,2023-07-16,2515.5
CUST_41,2023-06-11,714.8333333333334
CUST_41,2023-07-11,714.8333333333334
CUST_41,2023-08-10,714.8333333333334
CUST_41,2023-09-09,714.8333333333334
CUST_41,2023-10-09,714.8333333333334
CUST_41,2023-11-08,714.8333333333334
CUST_41,2023-12-08,714.8333333333334
CUST_41,2024-01-07,714.8333333333334
CUST_41,2024-02-06,714.8333333333334
CUST_41,2024-03-07,714.8333333333334
CUST_41,2024-04-06,714.8333333333334
CUST_41,2024-05-06,714.8333333333334
CUST_42,2023-04-04,1606.3333333333333
CUST_42,2023-05-04,1606.3333333333333
CUST_42,2023-06-03,1606.3333333333333
CUST_42,2023-07-03,1606.3333333333333
CUST_42,2023-08-02,1606.3333333333333
CUST_42,2023-09-01,1606.3333333333333
CUST_42,2023-10-01,1606.3333333333333
CUST_42,2023-10-31,1606.3333333333333
CUST_42,2023-11-30,1606.3333333333333
CUST_42,2023-12-30,1606.3333333333333
CUST_42,2024-01-29,1606.3333333333333
CUST_42,2024-02-28,1606.3333333333333
CUST_43,2023-05-30,1409.6666666666667
CUST_43,2023-07-29,1409.6666666666667
CUST_43,2023-08-28,1409.6666666666667
CUST_43,2023-09-27,1409.6666666666667
CUST_44,2023-10-02,570.75
CUST_44,2023-11-01,570.75
CUST_44,2023-12-01,570.75
CUST_44,2023-12-31,570.75
CUST_44,2024-01-30,570.75
CUST_44,2024-02-29,570.75
CUST_44,2024-03-30,570.75
CUST_44,2024-04-29,570.75
CUST_44,2024-05-29,570.75
CUST_44,2024-06-28,570.75
CUST_44,2024-07-28,570.75
CUST_44,2024-08-27,570.75
CUST_44,2024-09-26,570.75
CUST_44,2024-10-26,570.75
CUST_44,2024-11-25,570.75
CUST_44,2024-12-25,570.75
CUST_44,2025-02-23,570.75
CUST_44,2025-03-25,570.75
CUST_44,2025-04-24,570.75
CUST_44,2025-06-23,570.75
CUST_44,2025-07-23,570.75
CUST_44,2025-08-22,570.75
CUST_45,2023-08-26,675.0
CUST_45,2023-09-25,675.0
CUST_45,2023-10-25,675.0
CUST_45,2023-12-24,675.0
CUST_45,2024-01-23,675.0
CUST_45,2024-02-22,675.0
CUST_45,2024-03-23,675.0
CUST_45,2024-04-22,675.0
CUST_45,2024-05-22,675.0
CUST_45,2024-06-21,675.0
CUST_46,2023-10-11,937.5833333333334
CUST_46,2023-11-10,937.5833333333334
CUST_46,2023-12-10,937.5833333333334
CUST_46,2024-01-09,937.5833333333334
CUST_46,2024-03-09,937.5833333333334
CUST_46,2024-04-08,937.5833333333334
CUST_46,2024-05-08,937.5833333333334
CUST_46,2024-07-07,937.5833333333334
CUST_46,2024-08-06,937.5833333333334
CUST_46,2024-09-05,937.5833333333334
CUST_47,2023-06-26,306.4166666666667
CUST_47,2023-07-26,306.4166666666667
CUST_47,2023-08-25,306.4166666666667
CUST_47,2023-09-24,306.4166666666667
CUST_47,2023-10-24,306.4166666666667
CUST_47,2023-11-23,306.4166666666667
CUST_47,2023-12-23,306.4166666666667
CUST_47,2024-01-22,306.4166666666667
CUST_47,2024-02-21,306.4166666666667
CUST_47,2024-03-22,306.4166666666667
CUST_47,2024-04-21,306.4166666666667
CUST_47,2024-05-21,306.4166666666667
CUST_47,2024-06-20,306.4166666666667
CUST_47,2024-08-19,306.4166666666667
CUST_47,2024-09-18,306.4166666666667
CUST_47,2024-10-18,306.4166666666667
CUST_47,2024-11-17,306.4166666666667
CUST_47,2024-12-17,306.4166666666667
CUST_47,2025-01-16,306.4166666666667
CUST_47,2025-02-15,306.4166666666667
CUST_47,2025-03-17,306.4166666666667
CUST_47,2025-04-16,306.4166666666667
CUST_47,2025-05-16,306.4166666666667
CUST_48,2023-07-28,651.5833333333334
CUST_48,2023-08-27,651.5833333333334
CUST_48,2023-09-26,651.5833333333334
CUST_48,2023-10-26,651.5833333333334
CUST_48,2023-11-25,651.5833333333334
CUST_48,2023-12-25,651.5833333333334
CUST_48,2024-01-24,651.5833333333334
CUST_48,2024-02-23,651.5833333333334
CUST_48,2024-03-24,651.5833333333334
CUST_48,2024-04-23,651.5833333333334
CUST_48,2024-05-23,651.5833333333334
CUST_48,2024-06-22,651.5833333333334
CUST_49,2023-05-23,685.0416666666666
CUST_49,2023-06-22,685.0416666666666
CUST_49,2023-07-22,685.0416666666666
CUST_49,2023-08-21,685.0416666666666
CUST_49,2023-09-20,685.0416666666666
CUST_49,2023-10-20,685.0416666666666
CUST_49,2023-11-19,685.0416666666666
CUST_49,2023-12-19,685.0416666666666
CUST_49,2024-02-17,685.0416666666666
CUST_49,2024-04-17,685.0416666666666
CUST_49,2024-05-17,685.0416666666666
CUST_49,2024-06-16,685.0416666666666
CUST_49,2024-07-16,685.0416666666666
CUST_49,2024-08-15,685.0416666666666
CUST_49,2024-09-14,685.0416666666666
CUST_49,2024-10-14,685.0416666666666
CUST_49,2024-11-13,685.0416666666666
CUST_49,2024-12-13,685.0416666666666
CUST_49,2025-01-12,685.0416666666666
CUST_49,2025-02-11,685.0416666666666
CUST_49,2025-04-12,685.0416666666666
CUST_50,2023-10-07,429.2916666666667
CUST_50,2023-11-06,429.2916666666667
CUST_50,2023-12-06,429.2916666666667
CUST_50,2024-01-05,429.2916666666667
CUST_50,2024-02-04,429.2916666666667
CUST_50,2024-03-05,429.2916666666667
CUST_50,2024-04-04,429.2916666666667
CUST_50,2024-06-03,429.2916666666667
CUST_50,2024-07-03,429.2916666666667
CUST_50,2024-08-02,429.2916666666667
CUST_50,2024-09-01,429.2916666666667
CUST_50,2024-11-30,429.2916666666667
CUST_50,2024-12-30,429.2916666666667
CUST_50,2025-01-29,429.2916666666667
CUST_50,2025-02-28,429.2916666666667
CUST_50,2025-03-30,429.2916666666667
CUST_50,2025-04-29,429.2916666666667
CUST_50,2025-05-29,429.2916666666667
CUST_50,2025-06-28,429.2916666666667
CUST_50,2025-07-28,429.2916666666667
CUST_50,2025-08-27,429.2916666666667
CUST_51,2023-01-10,252.66666666666666
CUST_51,2023-02-09,252.66666666666666
CUST_51,2023-03-11,252.66666666666666
CUST_51,2023-04-10,252.66666666666666
CUST_51,2023-05-10,252.66666666666666
CUST_51,2023-06-09,252.66666666666666
CUST_52,2023-10-28,256.625
CUST_52,2023-11-27,256.625
CUST_52,2023-12-27,256.625
CUST_52,2024-01-26,256.625
CUST_52,2024-02-25,256.625
CUST_52,2024-03-26,256.625
CUST_52,2024-04-25,256.625
CUST_52,2024-05-25,256.625
CUST_52,2024-06-24,256.625
CUST_52,2024-07-24,256.625
CUST_52,2024-08-23,256.625
CUST_52,2024-10-22,256.625
CUST_52,2024-11-21,256.625
CUST_52,2024-12-21,256.625
CUST_52,2025-01-20,256.625
CUST_52,2025-02-19,256.625
CUST_52,2025-03-21,256.625
CUST_52,2025-04-20,256.625
CUST_52,2025-05-20,256.625
CUST_52,2025-07-19,256.625
CUST_52,2025-08-18,256.625
CUST_52,2025-09-17,256.625
CUST_53,2023-04-18,768.5833333333334
CUST_53,2023-05-18,768.5833333333334
CUST_53,2023-06-17,768.5833333333334
CUST_53,2023-07-17,768.5833333333334
CUST_53,2023-08-16,768.5833333333334
CUST_53,2023-09-15,768.5833333333334
CUST_53,2023-10-15,768.5833333333334
CUST_53,2023-12-14,768.5833333333334
CUST_53,2024-01-13,768.5833333333334
CUST_53,2024-02-12,768.5833333333334
CUST_53,2024-03-13,768.5833333333334
CUST_53,2024-04-12,768.5833333333334
CUST_53,2024-05-12,768.5833333333334
CUST_53,2024-06-11,768.5833333333334
CUST_53,2024-07-11,768.5833333333334
CUST_53,2024-08-10,768.5833333333334
CUST_53,2024-09-09,768.5833333333334
CUST_53,2024-10-09,768.5833333333334
CUST_53,2024-11-08,768.5833333333334
CUST_53,2025-01-07,768.5833333333334
CUST_53,2025-02-06,768.5833333333334
CUST_53,2025-03-08,768.5833333333334
CUST_54,2023-11-05,631.75
CUST_54,2023-12-05,631.75
CUST_54,2024-01-04,631.75
CUST_54,2024-02-03,631.75
CUST_54,2024-04-03,631.75
CUST_54,2024-05-03,631.75
CUST_54,2024-07-02,631.75
CUST_54,2024-08-01,631.75
CUST_54,2024-08-31,631.75
CUST_54,2024-09-30,631.75
CUST_55,2023-04-20,637.6666666666666
CUST_55,2023-07-19,637.6666666666666
CUST_55,2023-08-18,637.6666666666666
CUST_55,2023-09-17,637.6666666666666
CUST_55,2023-10-17,637.6666666666666
CUST_55,2023-11-16,637.6666666666666
CUST_55,2023-12-16,637.6666666666666
CUST_55,2024-01-15,637.6666666666666
CUST_55,2024-02-14,637.6666666666666
CUST_55,2024-03-15,637.6666666666666
CUST_56,2023-10-04,344.9583333333333
CUST_56,2023-11-03,344.9583333333333
CUST_56,2023-12-03,344.9583333333333
CUST_56,2024-02-01,344.9583333333333
CUST_56,2024-03-02,344.9583333333333
CUST_56,2024-04-01,344.9583333333333
CUST_56,2024-05-01,344.9583333333333
CUST_56,2024-05-31,344.9583333333333
CUST_56,2024-06-30,344.9583333333333
CUST_56,2024-07-30,344.9583333333333
CUST_56,2024-08-29,344.9583333333333
CUST_56,2024-09-28,344.9583333333333
CUST_56,2024-10-28,344.9583333333333
CUST_56,2024-11-27,344.9583333333333
CUST_56,2024-12-27,344.9583333333333
CUST_56,2025-01-26,344.9583333333333
CUST_56,2025-02-25,344.9583333333333
CUST_56,2025-03-27,344.9583333333333
CUST_56,2025-04-26,344.9583333333333
CUST_56,2025-05-26,344.9583333333333
CUST_56,2025-06-25,344.9583333333333
CUST_56,2025-07-25,344.9583333333333
CUST_56,2025-08-24,344.9583333333333
CUST_57,2023-11-25,94.95833333333333
CUST_57,2023-12-25,94.95833333333333
CUST_57,2024-01-24,94.95833333333333
CUST_57,2024-02-23,94.95833333333333
CUST_57,2024-03-24,94.95833333333333
CUST_57,2024-04-23,94.95833333333333
CUST_57,2024-05-23,94.95833333333333
CUST_57,2024-06-22,94.95833333333333
CUST_57,2024-07-22,94.95833333333333
CUST_57,2024-08-21,94.95833333333333
CUST_57,2024-09-20,94.95833333333333
CUST_57,2024-10-20,94.95833333333333
CUST_57,2024-11-19,94.95833333333333
CUST_57,2024-12-19,94.95833333333333
CUST_57,2025-01-18,94.95833333333333
CUST_57,2025-02-17,94.95833333333333
CUST_57,2025-04-18,94.95833333333333
CUST_57,2025-05-18,94.95833333333333
CUST_57,2025-06-17,94.95833333333333
CUST_57,2025-07-17,94.95833333333333
CUST_57,2025-08-16,94.95833333333333
CUST_57,2025-09-15,94.95833333333333
CUST_57,2025-10-15,94.95833333333333
CUST_58,2023-12-26,770.3333333333334
CUST_58,2024-01-25,770.3333333333334
CUST_58,2024-02-24,770.3333333333334
CUST_58,2024-03-25,770.3333333333334
CUST_58,2024-04-24,770.3333333333334
CUST_58,2024-06-23,770.3333333333334
CUST_58,2024-07-23,770.3333333333334
CUST_58,2024-08-22,770.3333333333334
CUST_58,2024-09-21,770.3333333333334
CUST_58,2024-10-21,770.3333333333334
CUST_58,2024-11-20,770.3333333333334
CUST_58,2024-12-20,770.3333333333334
CUST_58,2025-01-19,770.3333333333334
CUST_58,2025-02-18,770.3333333333334
CUST_58,2025-03-20,770.3333333333334
CUST_58,2025-04-19,770.3333333333334
CUST_58,2025-05-19,770.3333333333334
CUST_58,2025-06-18,770.3333333333334
CUST_58,2025-07-18,770.3333333333334
CUST_58,2025-08-17,770.3333333333334
CUST_58,2025-09-16,770.3333333333334
CUST_58,2025-10-16,770.3333333333334
CUST_58,2025-11-15,770.3333333333334
CUST_59,2023-08-20,300.0416666666667
CUST_59,2023-09-19,300.0416666666667
CUST_59,2023-10-19,300.0416666666667
CUST_59,2023-11-18,300.0416666666667
CUST_59,2023-12-18,300.0416666666667
CUST_59,2024-01-17,300.0416666666667
CUST_59,2024-02-16,300.0416666666667
CUST_59,2024-04-16,300.0416666666667
CUST_59,2024-05-16,300.0416666666667
CUST_59,2024-06-15,300.0416666666667
CUST_59,2024-07-15,300.0416666666667
CUST_59,2024-08-14,300.0416666666667
CUST_59,2024-09-13,300.0416666666667
CUST_59,2024-10-13,300.0416666666667
CUST_59,2024-12-12,300.0416666666667
CUST_59,2025-03-12,300.0416666666667
CUST_59,2025-04-11,300.0416666666667
CUST_59,2025-05-11,300.0416666666667
CUST_59,2025-06-10,300.0416666666667
CUST_59,2025-07-10,300.0416666666667
CUST_60,2023-12-13,1880.1666666666667
CUST_60,2024-01-12,1880.1666666666667
CUST_60,2024-03-12,1880.1666666666667
CUST_60,2024-04-11,1880.1666666666667
CUST_60,2024-05-11,1880.1666666666667
CUST_61,2023-08-12,3265.3333333333335
CUST_61,2023-09-11,3265.3333333333335
CUST_61,2023-10-11,3265.3333333333335
CUST_61,2023-11-10,3265.3333333333335
CUST_61,2023-12-10,3265.3333333333335
CUST_61,2024-01-09,3265.3333333333335
CUST_62,2023-06-27,486.3333333333333
CUST_62,2023-07-27,486.3333333333333
CUST_62,2023-08-26,486.3333333333333
CUST_62,2023-09-25,486.3333333333333
CUST_62,2023-10-25,486.3333333333333
CUST_62,2023-11-24,486.3333333333333
CUST_62,2023-12-24,486.3333333333333
CUST_62,2024-01-23,486.3333333333333
CUST_62,2024-02-22,486.3333333333333
CUST_62,2024-04-22,486.3333333333333
CUST_62,2024-05-22,486.3333333333333
CUST_62,2024-06-21,486.3333333333333
CUST_62,2024-07-21,486.3333333333333
CUST_62,2024-08-20,486.3333333333333
CUST_62,2024-09-19,486.3333333333333
CUST_62,2024-10-19,486.3333333333333
CUST_62,2024-11-18,486.3333333333333
CUST_62,2025-01-17,486.3333333333333
CUST_62,2025-02-16,486.3333333333333
CUST_62,2025-03-18,486.3333333333333
CUST_62,2025-04-17,486.3333333333333
CUST_62,2025-05-17,486.3333333333333
CUST_63,2023-06-24,55.541666666666664
CUST_63,2023-07-24,55.541666666666664
CUST_63,2023-08-23,55.541666666666664
CUST_63,2023-09-22,55.541666666666664
CUST_63,2023-11-21,55.541666666666664
CUST_63,2023-12-21,55.541666666666664
CUST_63,2024-01-20,55.541666666666664
CUST_63,2024-02-19,55.541666666666664
CUST_63,2024-03-20,55.541666666666664
CUST_63,2024-04-19,55.541666666666664
CUST_63,2024-05-19,55.541666666666664
CUST_63,2024-07-18,55.541666666666664
CUST_63,2024-08-17,55.541666666666664
CUST_63,2024-09-16,55.541666666666664
CUST_63,2024-10-16,55.541666666666664
CUST_63,2024-11-15,55.541666666666664
CUST_63,2024-12-15,55.541666666666664
CUST_63,2025-01-14,55.541666666666664
CUST_63,2025-03-15,55.541666666666664
CUST_63,2025-04-14,55.541666666666664
CUST_63,2025-05-14,55.541666666666664
CUST_64,2023-07-12,599.8333333333334
CUST_64,2023-08-11,599.8333333333334
CUST_64,2023-09-10,599.8333333333334
CUST_64,2023-10-10,599.8333333333334
CUST_64,2023-11-09,599.8333333333334
CUST_64,2023-12-09,599.8333333333334
CUST_64,2024-01-08,599.8333333333334
CUST_64,2024-02-07,599.8333333333334
CUST_64,2024-03-08,599.8333333333334
CUST_64,2024-04-07,599.8333333333334
CUST_64,2024-05-07,599.8333333333334
CUST_64,2024-06-06,599.8333333333334
CUST_64,2024-07-06,599.8333333333334
CUST_64,2024-08-05,599.8333333333334
CUST_64,2024-09-04,599.8333333333334
CUST_64,2024-10-04,599.8333333333334
CUST_64,2024-11-03,599.8333333333334
CUST_64,2024-12-03,599.8333333333334
CUST_64,2025-02-01,599.8333333333334
CUST_64,2025-03-03,599.8333333333334
CUST_64,2025-04-02,599.8333333333334
CUST_64,2025-05-02,599.8333333333334
CUST_65,2023-10-22,392.5
CUST_65,2023-11-21,392.5
CUST_65,2023-12-21,392.5
CUST_65,2024-01-20,392.5
CUST_65,2024-03-20,392.5
CUST_65,2024-04-19,392.5
CUST_65,2024-05-19,392.5
CUST_65,2024-06-18,392.5
CUST_65,2024-07-18,392.5
CUST_65,2024-09-16,392.5
CUST_65,2024-10-16,392.5
CUST_65,2024-11-15,392.5
CUST_65,2024-12-15,392.5
CUST_65,2025-01-14,392.5
CUST_65,2025-02-13,392.5
CUST_65,2025-03-15,392.5
CUST_65,2025-04-14,392.5
CUST_65,2025-05-14,392.5
CUST_65,2025-06-13,392.5
CUST_65,2025-08-12,392.5
CUST_65,2025-09-11,392.5
CUST_66,2023-01-20,644.0833333333334
CUST_66,2023-02-19,644.0833333333334
CUST_66,2023-03-21,644.0833333333334
CUST_66,2023-04-20,644.0833333333334
CUST_66,2023-05-20,644.0833333333334
CUST_66,2023-06-19,644.0833333333334
CUST_66,2023-07-19,644.0833333333334
CUST_66,2023-08-18,644.0833333333334
CUST_66,2023-09-17,644.0833333333334
CUST_66,2023-10-17,644.0833333333334
CUST_66,2023-11-16,644.0833333333334
CUST_66,2023-12-16,644.0833333333334
CUST_66,2024-01-15,644.0833333333334
CUST_66,2024-02-14,644.0833333333334
CUST_66,2024-03-15,644.0833333333334
CUST_66,2024-04-14,644.0833333333334
CUST_66,2024-05-14,644.0833333333334
CUST_66,2024-06-13,644.0833333333334
CUST_66,2024-07-13,644.0833333333334
CUST_66,2024-08-12,644.0833333333334
CUST_66,2024-10-11,644.0833333333334
CUST_66,2024-11-10,644.0833333333334
CUST_66,2024-12-10,644.0833333333334
CUST_67,2023-11-13,3150.3333333333335
CUST_67,2023-12-13,3150.3333333333335
CUST_67,2024-01-12,3150.3333333333335
CUST_67,2024-02-11,3150.3333333333335
CUST_67,2024-03-12,3150.3333333333335
CUST_67,2024-04-11,3150.3333333333335
CUST_68,2023-08-12,3160.6666666666665
CUST_68,2023-09-11,3160.6666666666665
CUST_68,2023-10-11,3160.6666666666665
CUST_68,2023-11-10,3160.6666666666665
CUST_68,2023-12-10,3160.6666666666665
CUST_68,2024-01-09,3160.6666666666665
CUST_69,2023-09-13,518.9166666666666
CUST_69,2023-10-13,518.9166666666666
CUST_69,2023-11-12,518.9166666666666
CUST_69,2024-01-11,518.9166666666666
CUST_69,2024-02-10,518.9166666666666
CUST_69,2024-03-11,518.9166666666666
CUST_69,2024-04-10,518.9166666666666
CUST_69,2024-05-10,518.9166666666666
CUST_69,2024-06-09,518.9166666666666
CUST_69,2024-07-09,518.9166666666666
CUST_69,2024-08-08,518.9166666666666
CUST_69,2024-09-07,518.9166666666666
CUST_69,2024-10-07,518.9166666666666
CUST_69,2024-11-06,518.9166666666666
CUST_69,2024-12-06,518.9166666666666
CUST_69,2025-01-05,518.9166666666666
CUST_69,2025-03-06,518.9166666666666
CUST_69,2025-05-05,518.9166666666666
CUST_69,2025-06-04,518.9166666666666
CUST_69,2025-07-04,518.9166666666666
CUST_69,2025-08-03,518.9166666666666
CUST_70,2023-01-11,1600.3333333333333
CUST_70,2023-02-10,1600.3333333333333
CUST_70,2023-03-12,1600.3333333333333
CUST_70,2023-04-11,1600.3333333333333
CUST_70,2023-05-11,1600.3333333333333
CUST_71,2023-03-03,525.75
CUST_71,2023-04-02,525.75
CUST_71,2023-05-02,525.75
CUST_71,2023-06-01,525.75
CUST_71,2023-07-01,525.75
CUST_71,2023-07-31,525.75
CUST_71,2023-08-30,525.75
CUST_71,2023-09-29,525.75
CUST_71,2023-10-29,525.75
CUST_71,2023-12-28,525.75
CUST_71,2024-01-27,525.75
CUST_71,2024-02-26,525.75
CUST_71,2024-03-27,525.75
CUST_71,2024-04-26,525.75
CUST_71,2024-05-26,525.75
CUST_71,2024-06-25,525.75
CUST_71,2024-07-25,525.75
CUST_71,2024-08-24,525.75
CUST_71,2024-09-23,525.75
CUST_71,2024-10-23,525.75
CUST_71,2024-12-22,525.75
CUST_71,2025-01-21,525.75
CUST_72,2023-06-03,1651.1666666666667
CUST_72,2023-07-03,1651.1666666666667
CUST_72,2023-08-02,1651.1666666666667
CUST_72,2023-09-01,1651.1666666666667
CUST_72,2023-10-01,1651.1666666666667
CUST_72,2023-10-31,1651.1666666666667
CUST_73,2023-11-28,1107.5
CUST_73,2023-12-28,1107.5
CUST_73,2024-01-27,1107.5
CUST_73,2024-02-26,1107.5
CUST_73,2024-03-27,1107.5
CUST_73,2024-04-26,1107.5
CUST_74,2023-04-01,372.3333333333333
CUST_74,2023-05-01,372.3333333333333
CUST_74,2023-05-31,372.3333333333333
CUST_74,2023-06-30,372.3333333333333
CUST_74,2023-07-30,372.3333333333333
CUST_75,2023-02-09,933.6666666666666
CUST_75,2023-03-11,933.6666666666666
CUST_75,2023-06-09,933.6666666666666
CUST_75,2023-07-09,933.6666666666666
CUST_76,2023-04-17,1428.5
CUST_76,2023-05-17,1428.5
CUST_76,2023-06-16,1428.5
CUST_76,2023-07-16,1428.5
CUST_76,2023-08-15,1428.5
CUST_76,2023-09-14,1428.5
CUST_76,2023-11-13,1428.5
CUST_76,2023-12-13,1428.5
CUST_76,2024-01-12,1428.5
CUST_76,2024-02-11,1428.5
CUST_76,2024-03-12,1428.5
CUST_77,2023-07-26,352.25
CUST_77,2023-09-24,352.25
CUST_77,2023-10-24,352.25
CUST_77,2023-11-23,352.25
CUST_77,2023-12-23,352.25
CUST_77,2024-01-22,352.25
CUST_77,2024-03-22,352.25
CUST_77,2024-04-21,352.25
CUST_78,2023-12-29,241.08333333333334
CUST_78,2024-01-28,241.08333333333334
CUST_78,2024-02-27,241.08333333333334
CUST_78,2024-03-28,241.08333333333334
CUST_78,2024-04-27,241.08333333333334
CUST_78,2024-06-26,241.08333333333334
CUST_78,2024-07-26,241.08333333333334
CUST_78,2024-08-25,241.08333333333334
CUST_78,2024-09-24,241.08333333333334
CUST_78,2024-10-24,241.08333333333334
CUST_78,2024-11-23,241.08333333333334
CUST_79,2023-03-23,778.5833333333334
CUST_79,2023-04-22,778.5833333333334
CUST_79,2023-05-22,778.5833333333334
CUST_79,2023-06-21,778.5833333333334
CUST_79,2023-07-21,778.5833333333334
CUST_79,2023-08-20,778.5833333333334
CUST_79,2023-09-19,778.5833333333334
CUST_79,2023-10-19,778.5833333333334
CUST_79,2023-11-18,778.5833333333334
CUST_79,2023-12-18,778.5833333333334
CUST_79,2024-01-17,778.5833333333334
CUST_79,2024-05-16,778.5833333333334
CUST_79,2024-06-15,778.5833333333334
CUST_79,2024-07-15,778.5833333333334
CUST_79,2024-08-14,778.5833333333334
CUST_79,2024-09-13,778.5833333333334
CUST_79,2024-10-13,778.5833333333334
CUST_79,2024-11-12,778.5833333333334
CUST_79,2024-12-12,778.5833333333334
CUST_79,2025-01-11,778.5833333333334
CUST_79,2025-02-10,778.5833333333334
CUST_80,2023-03-28,2380.3333333333335
CUST_80,2023-04-27,2380.3333333333335
CUST_80,2023-05-27,2380.3333333333335
CUST_80,2023-06-26,2380.3333333333335
CUST_80,2023-07-26,2380.3333333333335
CUST_80,2023-08-25,2380.3333333333335
CUST_81,2023-02-05,3139.5
CUST_81,2023-03-07,3139.5
CUST_81,2023-04-06,3139.5
CUST_81,2023-05-06,3139.5
CUST_81,2023-06-05,3139.5
CUST_81,2023-07-05,3139.5
CUST_82,2023-07-23,1814.3333333333333
CUST_82,2023-08-22,1814.3333333333333
CUST_82,2023-09-21,1814.3333333333333
CUST_82,2023-10-21,1814.3333333333333
CUST_82,2023-11-20,1814.3333333333333
CUST_82,2023-12-20,1814.3333333333333
CUST_83,2023-10-02,3188.8333333333335
CUST_83,2023-11-01,3188.8333333333335
CUST_83,2023-12-01,3188.8333333333335
CUST_83,2023-12-31,3188.8333333333335
CUST_83,2024-01-30,3188.8333333333335
CUST_83,2024-02-29,3188.8333333333335
CUST_84,2023-07-12,829.3333333333334
CUST_84,2023-08-11,829.3333333333334
CUST_84,2023-09-10,829.3333333333334
CUST_84,2023-10-10,829.3333333333334
CUST_84,2023-11-09,829.3333333333334
CUST_84,2023-12-09,829.3333333333334
CUST_84,2024-01-08,829.3333333333334
CUST_84,2024-02-07,829.3333333333334
CUST_84,2024-03-08,829.3333333333334
CUST_84,2024-04-07,829.3333333333334
CUST_84,2024-06-06,829.3333333333334
CUST_85,2023-12-26,415.1666666666667
CUST_85,2024-01-25,415.1666666666667
CUST_85,2024-02-24,415.1666666666667
CUST_85,2024-03-25,415.1666666666667
CUST_85,2024-04-24,415.1666666666667
CUST_85,2024-05-24,415.1666666666667
CUST_85,2024-06-23,415.1666666666667
CUST_85,2024-07-23,415.1666666666667
CUST_85,2024-08-22,415.1666666666667
CUST_85,2024-09-21,415.1666666666667
CUST_85,2024-10-21,415.1666666666667
CUST_85,2024-11-20,415.1666666666667
CUST_85,2024-12-20,415.1666666666667
CUST_85,2025-01-19,415.1666666666667
CUST_85,2025-03-20,415.1666666666667
CUST_85,2025-04-19,415.1666666666667
CUST_85,2025-05-19,415.1666666666667
CUST_85,2025-06-18,415.1666666666667
CUST_85,2025-07-18,415.1666666666667
CUST_85,2025-08-17,415.1666666666667
CUST_85,2025-09-16,415.1666666666667
CUST_85,2025-10-16,415.1666666666667
CUST_85,2025-11-15,415.1666666666667
CUST_86,2023-04-14,249.75
CUST_86,2023-05-14,249.75
CUST_86,2023-06-13,249.75
CUST_86,2023-07-13,249.75
CUST_86,2023-08-12,249.75
CUST_86,2023-09-11,249.75
CUST_86,2023-10-11,249.75
CUST_86,2024-01-09,249.75
CUST_86,2024-02-08,249.75
CUST_86,2024-03-09,249.75
CUST_86,2024-04-08,249.75
CUST_86,2024-05-08,249.75
CUST_86,2024-06-07,249.75
CUST_86,2024-07-07,249.75
CUST_86,2024-08-06,249.75
CUST_86,2024-09-05,249.75
CUST_86,2024-10-05,249.75
CUST_86,2024-11-04,249.75
CUST_86,2024-12-04,249.75
CUST_86,2025-01-03,249.75
CUST_86,2025-02-02,249.75
CUST_86,2025-03-04,249.75
CUST_87,2023-05-05,779.5833333333334
CUST_87,2023-06-04,779.5833333333334
CUST_87,2023-07-04,779.5833333333334
CUST_87,2023-08-03,779.5833333333334
CUST_87,2023-09-02,779.5833333333334
CUST_87,2023-10-02,779.5833333333334
CUST_87,2023-11-01,779.5833333333334
CUST_87,2023-12-01,779.5833333333334
CUST_87,2023-12-31,779.5833333333334
CUST_87,2024-01-30,779.5833333333334
CUST_87,2024-02-29,779.5833333333334
CUST_87,2024-03-30,779.5833333333334
CUST_88,2023-02-19,502.9166666666667
CUST_88,2023-03-21,502.9166666666667
CUST_88,2023-04-20,502.9166666666667
CUST_88,2023-05-20,502.9166666666667
CUST_88,2023-06-19,502.9166666666667
CUST_88,2023-07-19,502.9166666666667
CUST_88,2023-10-17,502.9166666666667
CUST_88,2023-11-16,502.9166666666667
CUST_88,2024-01-15,502.9166666666667
CUST_89,2023-02-11,1229.3333333333333
CUST_89,2023-03-13,1229.3333333333333
CUST_89,2023-04-12,1229.3333333333333
CUST_89,2023-05-12,1229.3333333333333
CUST_89,2023-06-11,1229.3333333333333
CUST_89,2023-07-11,1229.3333333333333
CUST_89,2023-08-10,1229.3333333333333
CUST_89,2023-09-09,1229.3333333333333
CUST_89,2023-10-09,1229.3333333333333
CUST_89,2023-11-08,1229.3333333333333
CUST_89,2023-12-08,1229.3333333333333
CUST_89,2024-01-07,1229.3333333333333
CUST_90,2023-01-19,436.0
CUST_90,2023-02-18,436.0
CUST_90,2023-03-20,436.0
CUST_90,2023-04-19,436.0
CUST_90,2023-05-19,436.0
CUST_90,2023-06-18,436.0
CUST_90,2023-07-18,436.0
CUST_90,2023-08-17,436.0
CUST_90,2023-09-16,436.0
CUST_90,2023-10-16,436.0
CUST_90,2023-11-15,436.0
CUST_90,2023-12-15,436.0
CUST_91,2023-03-31,147.0
CUST_91,2023-04-30,147.0
CUST_91,2023-05-30,147.0
CUST_91,2023-06-29,147.0
CUST_91,2023-08-28,147.0
CUST_91,2023-09-27,147.0
CUST_91,2023-10-27,147.0
CUST_91,2023-11-26,147.0
CUST_91,2023-12-26,147.0
CUST_91,2024-01-25,147.0
CUST_91,2024-02-24,147.0
CUST_91,2024-03-25,147.0
CUST_91,2024-05-24,147.0
CUST_91,2024-06-23,147.0
CUST_91,2024-07-23,147.0
CUST_91,2024-08-22,147.0
CUST_91,2024-09-21,147.0
CUST_91,2024-10-21,147.0
CUST_91,2024-11-20,147.0
CUST_91,2024-12-20,147.0
CUST_91,2025-01-19,147.0
CUST_91,2025-02-18,147.0
CUST_92,2024-01-01,480.9166666666667
CUST_92,2024-01-31,480.9166666666667
CUST_92,2024-03-01,480.9166666666667
CUST_92,2024-03-31,480.9166666666667
CUST_92,2024-04-30,480.9166666666667
CUST_92,2024-05-30,480.9166666666667
CUST_92,2024-06-29,480.9166666666667
CUST_92,2024-07-29,480.9166666666667
CUST_92,2024-08-28,480.9166666666667
CUST_92,2024-09-27,480.9166666666667
CUST_92,2024-10-27,480.9166666666667
CUST_92,2024-11-26,480.9166666666667
CUST_92,2024-12-26,480.9166666666667
CUST_92,2025-01-25,480.9166666666667
CUST_92,2025-02-24,480.9166666666667
CUST_92,2025-03-26,480.9166666666667
CUST_92,2025-04-25,480.9166666666667
CUST_92,2025-05-25,480.9166666666667
CUST_92,2025-06-24,480.9166666666667
CUST_92,2025-07-24,480.9166666666667
CUST_92,2025-08-23,480.9166666666667
CUST_92,2025-09-22,480.9166666666667
CUST_92,2025-10-22,480.9166666666667
CUST_92,2025-11-21,480.9166666666667
CUST_93,2023-09-18,1956.3333333333333
CUST_93,2023-10-18,1956.3333333333333
CUST_93,2023-11-17,1956.3333333333333
CUST_93,2024-01-16,1956.3333333333333
CUST_94,2023-09-08,818.5
CUST_94,2023-10-08,818.5
CUST_94,2023-11-07,818.5
CUST_94,2023-12-07,818.5
CUST_94,2024-01-06,818.5
CUST_94,2024-02-05,818.5
CUST_94,2024-03-06,818.5
CUST_94,2024-04-05,818.5
CUST_94,2024-05-05,818.5
CUST_94,2024-06-04,818.5
CUST_95,2023-11-16,737.6666666666666
CUST_95,2023-12-16,737.6666666666666
CUST_95,2024-01-15,737.6666666666666
CUST_95,2024-03-15,737.6666666666666
CUST_95,2024-04-14,737.6666666666666
CUST_96,2023-08-13,994.0
CUST_96,2023-09-12,994.0
CUST_96,2023-11-11,994.0
CUST_96,2023-12-11,994.0
CUST_96,2024-01-10,994.0
CUST_96,2024-02-09,994.0
CUST_96,2024-03-10,994.0
CUST_96,2024-05-09,994.0
CUST_96,2024-06-08,994.0
CUST_96,2024-07-08,994.0
CUST_97,2023-02-17,707.4166666666666
CUST_97,2023-03-19,707.4166666666666
CUST_97,2023-04-18,707.4166666666666
CUST_97,2023-05-18,707.4166666666666
CUST_97,2023-07-17,707.4166666666666
CUST_97,2023-10-15,707.4166666666666
CUST_97,2023-11-14,707.4166666666666
CUST_97,2023-12-14,707.4166666666666
CUST_97,2024-01-13,707.4166666666666
CUST_97,2024-02-12,707.4166666666666
CUST_97,2024-03-13,707.4166666666666
CUST_97,2024-04-12,707.4166666666666
CUST_97,2024-05-12,707.4166666666666
CUST_97,2024-06-11,707.4166666666666
CUST_97,2024-07-11,707.4166666666666
CUST_97,2024-08-10,707.4166666666666
CUST_97,2024-09-09,707.4166666666666
CUST_97,2024-10-09,707.4166666666666
CUST_97,2024-11-08,707.4166666666666
CUST_97,2024-12-08,707.4166666666666
CUST_97,2025-01-07,707.4166666666666
CUST_98,2023-07-05,703.7916666666666
CUST_98,2023-09-03,703.7916666666666
CUST_98,2023-10-03,703.7916666666666
CUST_98,2024-01-01,703.7916666666666
CUST_98,2024-01-31,703.7916666666666
CUST_98,2024-03-01,703.7916666666666
CUST_98,2024-03-31,703.7916666666666
CUST_98,2024-04-30,703.7916666666666
CUST_98,2024-05-30,703.7916666666666
CUST_98,2024-06-29,703.7916666666666
CUST_98,2024-07-29,703.7916666666666
CUST_98,2024-08-28,703.7916666666666
CUST_98,2024-09-27,703.7916666666666
CUST_98,2024-10-27,703.7916666666666
CUST_98,2024-11-26,703.7916666666666
CUST_98,2024-12-26,703.7916666666666
CUST_98,2025-01-25,703.7916666666666
CUST_98,2025-02-24,703.7916666666666
CUST_98,2025-03-26,703.7916666666666
CUST_98,2025-04-25,703.7916666666666
CUST_98,2025-05-25,703.7916666666666
CUST_99,2023-04-08,509.5833333333333
CUST_99,2023-05-08,509.5833333333333
CUST_99,2023-06-07,509.5833333333333
CUST_99,2023-08-06,509.5833333333333
CUST_99,2023-09-05,509.5833333333333
CUST_99,2023-10-05,509.5833333333333
CUST_99,2023-11-04,509.5833333333333
CUST_99,2023-12-04,509.5833333333333
CUST_99,2024-01-03,509.5833333333333
CUST_99,2024-03-03,509.5833333333333
CUST_100,2023-11-20,183.58333333333334
CUST_100,2023-12-20,183.58333333333334
CUST_100,2024-01-19,183.58333333333334
CUST_100,2024-02-18,183.58333333333334
CUST_100,2024-03-19,183.58333333333334
CUST_100,2024-04-18,183.58333333333334
CUST_100,2024-05-18,183.58333333333334
CUST_100,2024-06-17,183.58333333333334
CUST_100,2024-07-17,183.58333333333334
CUST_100,2024-08-16,183.58333333333334
CUST_100,2024-09-15,183.58333333333334
CUST_100,2024-10-15,183.58333333333334
CUST_101,2023-04-20,243.70833333333334
CUST_101,2023-05-20,243.70833333333334
CUST_101,2023-06-19,243.70833333333334
CUST_101,2023-07-19,243.70833333333334
CUST_101,2023-08-18,243.70833333333334
CUST_101,2023-09-17,243.70833333333334
CUST_101,2023-10-17,243.70833333333334
CUST_101,2023-11-16,243.70833333333334
CUST_101,2023-12-16,243.70833333333334
CUST_101,2024-01-15,243.70833333333334
CUST_101,2024-02-14,243.70833333333334
CUST_101,2024-03-15,243.70833333333334
CUST_101,2024-04-14,243.70833333333334
CUST_101,2024-05-14,243.70833333333334
CUST_101,2024-06-13,243.70833333333334
CUST_101,2024-07-13,243.70833333333334
CUST_101,2024-08-12,243.70833333333334
CUST_101,2024-09-11,243.70833333333334
CUST_101,2024-10-11,243.70833333333334
CUST_101,2024-11-10,243.70833333333334
CUST_101,2024-12-10,243.70833333333334
CUST_101,2025-01-09,243.70833333333334
CUST_101,2025-02-08,243.70833333333334
CUST_102,2023-05-28,306.3333333333333
CUST_102,2023-06-27,306.3333333333333
CUST_102,2023-07-27,306.3333333333333
CUST_102,2023-08-26,306.3333333333333
CUST_102,2023-09-25,306.3333333333333
CUST_102,2023-10-25,306.3333333333333
CUST_102,2023-11-24,306.3333333333333
CUST_102,2023-12-24,306.3333333333333
CUST_102,2024-01-23,306.3333333333333
CUST_102,2024-02-22,306.3333333333333
CUST_102,2024-03-23,306.3333333333333
CUST_102,2024-04-22,306.3333333333333
CUST_103,2023-11-08,367.0
CUST_103,2023-12-08,367.0
CUST_103,2024-02-06,367.0
CUST_103,2024-03-07,367.0
CUST_103,2024-04-06,367.0
CUST_103,2024-05-06,367.0
CUST_103,2024-06-05,367.0
CUST_103,2024-07-05,367.0
CUST_103,2024-08-04,367.0
CUST_103,2024-09-03,367.0
CUST_103,2024-10-03,367.0
CUST_103,2024-11-02,367.0
CUST_103,2025-01-01,367.0
CUST_103,2025-01-31,367.0
CUST_103,2025-03-02,367.0
CUST_103,2025-04-01,367.0
CUST_103,2025-05-01,367.0
CUST_103,2025-05-31,367.0
CUST_103,2025-06-30,367.0
CUST_103,2025-07-30,367.0
CUST_103,2025-08-29,367.0
CUST_103,2025-09-28,367.0
CUST_104,2023-12-23,323.1666666666667
CUST_104,2024-01-22,323.1666666666667
CUST_104,2024-03-22,323.1666666666667
CUST_104,2024-04-21,323.1666666666667
CUST_104,2024-05-21,323.1666666666667
CUST_104,2024-06-20,323.1666666666667
CUST_104,2024-07-20,323.1666666666667
CUST_104,2024-10-18,323.1666666666667
CUST_104,2024-11-17,323.1666666666667
CUST_104,2024-12-17,323.1666666666667
CUST_104,2025-01-16,323.1666666666667
CUST_104,2025-02-15,323.1666666666667
CUST_104,2025-03-17,323.1666666666667
CUST_104,2025-04-16,323.1666666666667
CUST_104,2025-05-16,323.1666666666667
CUST_104,2025-06-15,323.1666666666667
CUST_104,2025-07-15,323.1666666666667
CUST_104,2025-08-14,323.1666666666667
CUST_104,2025-09-13,323.1666666666667
CUST_104,2025-10-13,323.1666666666667
CUST_104,2025-11-12,323.1666666666667
CUST_105,2023-02-11,637.3333333333334
CUST_105,2023-03-13,637.3333333333334
CUST_105,2023-04-12,637.3333333333334
CUST_105,2023-05-12,637.3333333333334
CUST_105,2023-06-11,637.3333333333334
CUST_105,2023-08-10,637.3333333333334
CUST_105,2023-09-09,637.3333333333334
CUST_106,2023-06-13,970.9166666666666
CUST_106,2023-07-13,970.9166666666666
CUST_106,2023-08-12,970.9166666666666
CUST_106,2023-09-11,970.9166666666666
CUST_106,2023-10-11,970.9166666666666
CUST_106,2023-11-10,970.9166666666666
CUST_106,2023-12-10,970.9166666666666
CUST_106,2024-01-09,970.9166666666666
CUST_106,2024-02-08,970.9166666666666
CUST_106,2024-03-09,970.9166666666666
CUST_106,2024-04-08,970.9166666666666
CUST_107,2023-12-25,2513.5
CUST_107,2024-01-24,2513.5
CUST_107,2024-02-23,2513.5
CUST_107,2024-03-24,2513.5
CUST_107,2024-04-23,2513.5
CUST_107,2024-05-23,2513.5
CUST_108,2023-08-17,242.25
CUST_108,2023-09-16,242.25
CUST_108,2023-11-15,242.25
CUST_108,2023-12-15,242.25
CUST_108,2024-01-14,242.25
CUST_108,2024-02-13,242.25
CUST_108,2024-03-14,242.25
CUST_108,2024-04-13,242.25
CUST_108,2024-05-13,242.25
CUST_108,2024-06-12,242.25
CUST_108,2024-07-12,242.25
CUST_108,2024-08-11,242.25
CUST_108,2024-09-10,242.25
CUST_108,2024-10-10,242.25
CUST_108,2024-11-09,242.25
CUST_108,2024-12-09,242.25
CUST_108,2025-01-08,242.25
CUST_108,2025-02-07,242.25
CUST_108,2025-03-09,242.25
CUST_108,2025-04-08,242.25
CUST_108,2025-05-08,242.25
CUST_108,2025-07-07,242.25
CUST_109,2023-06-28,1004.3333333333334
CUST_109,2023-07-28,1004.3333333333334
CUST_109,2023-09-26,1004.3333333333334
CUST_109,2023-10-26,1004.3333333333334
CUST_109,2023-11-25,1004.3333333333334
CUST_110,2023-12-31,1481.25
CUST_110,2024-01-30,1481.25
CUST_110,2024-02-29,1481.25
CUST_110,2024-04-29,1481.25
CUST_110,2024-05-29,1481.25
CUST_110,2024-06-28,1481.25
CUST_110,2024-07-28,1481.25
CUST_110,2024-08-27,1481.25
CUST_110,2024-09-26,1481.25
CUST_110,2024-10-26,1481.25
CUST_110,2024-11-25,1481.25
CUST_111,2023-02-20,3038.5
CUST_111,2023-03-22,3038.5
CUST_111,2023-04-21,3038.5
CUST_111,2023-05-21,3038.5
CUST_111,2023-06-20,3038.5
CUST_111,2023-07-20,3038.5
CUST_112,2023-08-02,1509.3333333333333
CUST_112,2023-09-01,1509.3333333333333
CUST_112,2023-10-01,1509.3333333333333
CUST_112,2023-10-31,1509.3333333333333
CUST_112,2023-12-30,1509.3333333333333
CUST_112,2024-01-29,1509.3333333333333
CUST_112,2024-02-28,1509.3333333333333
CUST_112,2024-03-29,1509.3333333333333
CUST_112,2024-04-28,1509.3333333333333
CUST_112,2024-05-28,1509.3333333333333
CUST_113,2023-02-17,738.6666666666666
CUST_113,2023-03-19,738.6666666666666
CUST_113,2023-04-18,738.6666666666666
CUST_113,2023-05-18,738.6666666666666
CUST_113,2023-06-17,738.6666666666666
CUST_113,2023-07-17,738.6666666666666
CUST_114,2023-12-03,742.9166666666666
CUST_114,2024-01-02,742.9166666666666
CUST_114,2024-02-01,742.9166666666666
CUST_114,2024-03-02,742.9166666666666
CUST_114,2024-04-01,742.9166666666666
CUST_114,2024-05-01,742.9166666666666
CUST_114,2024-05-31,742.9166666666666
CUST_114,2024-06-30,742.9166666666666
CUST_114,2024-07-30,742.9166666666666
CUST_114,2024-08-29,742.9166666666666
CUST_114,2024-09-28,742.9166666666666
CUST_114,2024-10-28,742.9166666666666
CUST_115,2023-07-13,829.1666666666666
CUST_115,2023-08-12,829.1666666666666
CUST_115,2023-09-11,829.1666666666666
CUST_115,2023-10-11,829.1666666666666
CUST_115,2023-12-10,829.1666666666666
CUST_115,2024-01-09,829.1666666666666
CUST_115,2024-02-08,829.1666666666666
CUST_115,2024-03-09,829.1666666666666
CUST_115,2024-04-08,829.1666666666666
CUST_115,2024-05-08,829.1666666666666
CUST_115,2024-06-07,829.1666666666666
CUST_115,2024-07-07,829.1666666666666
CUST_115,2024-08-06,829.1666666666666
CUST_115,2024-09-05,829.1666666666666
CUST_115,2024-11-04,829.1666666666666
CUST_115,2024-12-04,829.1666666666666
CUST_115,2025-02-02,829.1666666666666
CUST_115,2025-03-04,829.1666666666666
CUST_115,2025-04-03,829.1666666666666
CUST_115,2025-05-03,829.1666666666666
CUST_115,2025-06-02,829.1666666666666
CUST_116,2023-05-29,573.125
CUST_116,2023-06-28,573.125
CUST_116,2023-07-28,573.125
CUST_116,2023-08-27,573.125
CUST_116,2023-09-26,573.125
CUST_116,2023-10-26,573.125
CUST_116,2023-12-25,573.125
CUST_116,2024-01-24,573.125
CUST_116,2024-02-23,573.125
CUST_116,2024-03-24,573.125
CUST_116,2024-04-23,573.125
CUST_116,2024-05-23,573.125
CUST_116,2024-06-22,573.125
CUST_116,2024-07-22,573.125
CUST_116,2024-08-21,573.125
CUST_116,2024-09-20,573.125
CUST_116,2024-10-20,573.125
CUST_116,2024-11-19,573.125
CUST_116,2024-12-19,573.125
CUST_116,2025-01-18,573.125
CUST_116,2025-02-17,573.125
CUST_116,2025-03-19,573.125
CUST_116,2025-04-18,573.125
CUST_117,2023-06-24,998.4166666666666
CUST_117,2023-07-24,998.4166666666666
CUST_117,2023-08-23,998.4166666666666
CUST_117,2023-09-22,998.4166666666666
CUST_117,2023-11-21,998.4166666666666
CUST_117,2023-12-21,998.4166666666666
CUST_117,2024-01-20,998.4166666666666
CUST_117,2024-02-19,998.4166666666666
CUST_117,2024-03-20,998.4166666666666
CUST_117,2024-04-19,998.4166666666666
CUST_117,2024-05-19,998.4166666666666
CUST_118,2023-06-04,841.6666666666666
CUST_118,2023-07-04,841.6666666666666
CUST_118,2023-08-03,841.6666666666666
CUST_118,2023-09-02,841.6666666666666
CUST_118,2023-10-02,841.6666666666666
CUST_118,2023-11-01,841.6666666666666
CUST_118,2024-01-30,841.6666666666666
CUST_118,2024-04-29,841.6666666666666
CUST_119,2023-07-10,593.75
CUST_119,2023-08-09,593.75
CUST_119,2023-09-08,593.75
CUST_119,2023-10-08,593.75
CUST_119,2023-11-07,593.75
CUST_119,2023-12-07,593.75
CUST_119,2024-01-06,593.75
CUST_119,2024-02-05,593.75
CUST_119,2024-03-06,593.75
CUST_119,2024-04-05,593.75
CUST_119,2024-05-05,593.75
CUST_120,2023-07-20,1196.0
CUST_120,2023-08-19,1196.0
CUST_120,2023-09-18,1196.0
CUST_120,2023-10-18,1196.0
CUST_120,2023-11-17,1196.0
CUST_120,2024-01-16,1196.0
CUST_120,2024-02-15,1196.0
CUST_120,2024-03-16,1196.0
CUST_120,2024-04-15,1196.0
CUST_120,2024-05-15,1196.0
CUST_120,2024-06-14,1196.0
CUST_121,2023-04-16,2374.3333333333335
CUST_121,2023-05-16,2374.3333333333335
CUST_121,2023-06-15,2374.3333333333335
CUST_121,2023-07-15,2374.3333333333335
CUST_121,2023-08-14,2374.3333333333335
CUST_122,2023-03-31,792.25
CUST_122,2023-04-30,792.25
CUST_122,2023-05-30,792.25
CUST_122,2023-06-29,792.25
CUST_122,2023-07-29,792.25
CUST_122,2023-08-28,792.25
CUST_122,2023-09-27,792.25
CUST_122,2023-10-27,792.25
CUST_122,2023-11-26,792.25
CUST_122,2023-12-26,792.25
CUST_122,2024-01-25,792.25
CUST_123,2023-12-25,2607.3333333333335
CUST_123,2024-01-24,2607.3333333333335
CUST_123,2024-02-23,2607.3333333333335
CUST_123,2024-03-24,2607.3333333333335
CUST_123,2024-04-23,2607.3333333333335
CUST_123,2024-05-23,2607.3333333333335
CUST_124,2023-11-09,350.7083333333333
CUST_124,2023-12-09,350.7083333333333
CUST_124,2024-01-08,350.7083333333333
CUST_124,2024-02-07,350.7083333333333
CUST_124,2024-04-07,350.7083333333333
CUST_124,2024-05-07,350.7083333333333
CUST_124,2024-06-06,350.7083333333333
CUST_124,2024-07-06,350.7083333333333
CUST_124,2024-08-05,350.7083333333333
CUST_124,2024-09-04,350.7083333333333
CUST_124,2024-10-04,350.7083333333333
CUST_124,2024-11-03,350.7083333333333
CUST_124,2024-12-03,350.7083333333333
CUST_124,2025-01-02,350.7083333333333
CUST_124,2025-02-01,350.7083333333333
CUST_124,2025-03-03,350.7083333333333
CUST_124,2025-04-02,350.7083333333333
CUST_124,2025-05-02,350.7083333333333
CUST_124,2025-06-01,350.7083333333333
CUST_124,2025-07-01,350.7083333333333
CUST_124,2025-07-31,350.7083333333333
CUST_124,2025-08-30,350.7083333333333
CUST_124,2025-09-29,350.7083333333333
CUST_125,2023-12-06,1640.5
CUST_125,2024-01-05,1640.5
CUST_125,2024-03-05,1640.5
CUST_125,2024-05-04,1640.5
CUST_125,2024-08-02,1640.5
CUST_125,2024-09-01,1640.5
CUST_125,2024-10-01,1640.5
CUST_125,2024-10-31,1640.5
CUST_126,2023-12-07,180.29166666666666
CUST_126,2024-01-06,180.29166666666666
CUST_126,2024-02-05,180.29166666666666
CUST_126,2024-04-05,180.29166666666666
CUST_126,2024-05-05,180.29166666666666
CUST_126,2024-06-04,180.29166666666666
CUST_126,2024-07-04,180.29166666666666
CUST_126,2024-09-02,180.29166666666666
CUST_126,2024-10-02,180.29166666666666
CUST_126,2024-11-01,180.29166666666666
CUST_126,2024-12-01,180.29166666666666
CUST_126,2024-12-31,180.29166666666666
CUST_126,2025-03-01,180.29166666666666
CUST_126,2025-03-31,180.29166666666666
CUST_126,2025-04-30,180.29166666666666
CUST_126,2025-05-30,180.29166666666666
CUST_126,2025-06-29,180.29166666666666
CUST_126,2025-07-29,180.29166666666666
CUST_126,2025-08-28,180.29166666666666
CUST_126,2025-09-27,180.29166666666666
CUST_126,2025-10-27,180.29166666666666
CUST_127,2023-09-22,733.8333333333334
CUST_127,2023-10-22,733.8333333333334
CUST_127,2023-11-21,733.8333333333334
CUST_127,2023-12-21,733.8333333333334
CUST_127,2024-03-20,733.8333333333334
CUST_127,2024-04-19,733.8333333333334
CUST_127,2024-06-18,733.8333333333334
CUST_127,2024-07-18,733.8333333333334
CUST_127,2024-08-17,733.8333333333334
CUST_128,2023-08-07,1971.8333333333333
CUST_128,2023-09-06,1971.8333333333333
CUST_128,2023-10-06,1971.8333333333333
CUST_128,2023-11-05,1971.8333333333333
CUST_128,2023-12-05,1971.8333333333333
CUST_128,2024-01-04,1971.8333333333333
CUST_129,2023-01-12,424.9583333333333
CUST_129,2023-03-13,424.9583333333333
CUST_129,2023-04-12,424.9583333333333
CUST_129,2023-05-12,424.9583333333333
CUST_129,2023-06-11,424.9583333333333
CUST_129,2023-07-11,424.9583333333333
CUST_129,2023-08-10,424.9583333333333
CUST_129,2023-09-09,424.9583333333333
CUST_129,2023-10-09,424.9583333333333
CUST_129,2023-11-08,424.9583333333333
CUST_129,2023-12-08,424.9583333333333
CUST_129,2024-01-07,424.9583333333333
CUST_129,2024-02-06,424.9583333333333
CUST_129,2024-03-07,424.9583333333333
CUST_129,2024-04-06,424.9583333333333
CUST_129,2024-05-06,424.9583333333333
CUST_129,2024-06-05,424.9583333333333
CUST_129,2024-07-05,424.9583333333333
CUST_129,2024-08-04,424.9583333333333
CUST_129,2024-09-03,424.9583333333333
CUST_129,2024-12-02,424.9583333333333
CUST_130,2023-01-21,100.91666666666667
CUST_130,2023-02-20,100.91666666666667
CUST_130,2023-03-22,100.91666666666667
CUST_130,2023-04-21,100.91666666666667
CUST_130,2023-05-21,100.91666666666667
CUST_130,2023-06-20,100.91666666666667
CUST_130,2023-07-20,100.91666666666667
CUST_130,2023-08-19,100.91666666666667
CUST_130,2023-09-18,100.91666666666667
CUST_130,2023-10-18,100.91666666666667
CUST_130,2023-11-17,100.91666666666667
CUST_130,2023-12-17,100.91666666666667
CUST_130,2024-01-16,100.91666666666667
CUST_130,2024-02-15,100.91666666666667
CUST_130,2024-03-16,100.91666666666667
CUST_130,2024-04-15,100.91666666666667
CUST_130,2024-05-15,100.91666666666667
CUST_130,2024-06-14,100.91666666666667
CUST_130,2024-07-14,100.91666666666667
CUST_130,2024-08-13,100.91666666666667
CUST_130,2024-09-12,100.91666666666667
CUST_130,2024-10-12,100.91666666666667
CUST_130,2024-11-11,100.91666666666667
CUST_130,2024-12-11,100.91666666666667
CUST_131,2023-12-06,577.6666666666666
CUST_131,2024-01-05,577.6666666666666
CUST_131,2024-02-04,577.6666666666666
CUST_131,2024-03-05,577.6666666666666
CUST_131,2024-04-04,577.6666666666666
CUST_131,2024-05-04,577.6666666666666
CUST_131,2024-06-03,577.6666666666666
CUST_131,2024-07-03,577.6666666666666
CUST_131,2024-08-02,577.6666666666666
CUST_131,2024-09-01,577.6666666666666
CUST_131,2024-10-01,577.6666666666666
CUST_132,2023-10-22,192.25
CUST_132,2023-11-21,192.25
CUST_132,2023-12-21,192.25
CUST_132,2024-01-20,192.25
CUST_132,2024-02-19,192.25
CUST_132,2024-03-20,192.25
CUST_132,2024-04-19,192.25
CUST_132,2024-05-19,192.25
CUST_132,2024-07-18,192.25
CUST_132,2024-08-17,192.25
CUST_132,2024-09-16,192.25
CUST_133,2023-06-30,656.9166666666666
CUST_133,2023-07-30,656.9166666666666
CUST_133,2023-08-29,656.9166666666666
CUST_133,2023-09-28,656.9166666666666
CUST_133,2023-10-28,656.9166666666666
CUST_133,2023-11-27,656.9166666666666
CUST_133,2023-12-27,656.9166666666666
CUST_133,2024-01-26,656.9166666666666
CUST_133,2024-02-25,656.9166666666666
CUST_133,2024-03-26,656.9166666666666
CUST_133,2024-04-25,656.9166666666666
CUST_133,2024-05-25,656.9166666666666
CUST_133,2024-06-24,656.9166666666666
CUST_133,2024-07-24,656.9166666666666
CUST_133,2024-08-23,656.9166666666666
CUST_133,2024-09-22,656.9166666666666
CUST_133,2024-10-22,656.9166666666666
CUST_133,2024-11-21,656.9166666666666
CUST_133,2024-12-21,656.9166666666666
CUST_133,2025-01-20,656.9166666666666
CUST_133,2025-02-19,656.9166666666666
CUST_133,2025-03-21,656.9166666666666
CUST_133,2025-04-20,656.9166666666666
CUST_133,2025-05-20,656.9166666666666
CUST_134,2023-06-11,294.0
CUST_134,2023-07-11,294.0
CUST_134,2023-08-10,294.0
CUST_134,2023-09-09,294.0
CUST_134,2023-10-09,294.0
CUST_134,2023-11-08,294.0
CUST_134,2023-12-08,294.0
CUST_134,2024-02-06,294.0
CUST_134,2024-03-07,294.0
CUST_134,2024-04-06,294.0
CUST_134,2024-05-06,294.0
CUST_134,2024-06-05,294.0
CUST_134,2024-07-05,294.0
CUST_134,2024-08-04,294.0
CUST_134,2024-09-03,294.0
CUST_134,2024-10-03,294.0
CUST_134,2024-11-02,294.0
CUST_134,2024-12-02,294.0
CUST_134,2025-01-01,294.0
CUST_134,2025-01-31,294.0
CUST_134,2025-03-02,294.0
CUST_134,2025-04-01,294.0
CUST_134,2025-05-01,294.0
CUST_135,2023-11-28,204.70833333333334
CUST_135,2023-12-28,204.70833333333334
CUST_135,2024-01-27,204.70833333333334
CUST_135,2024-02-26,204.70833333333334
CUST_135,2024-03-27,204.70833333333334
CUST_135,2024-04-26,204.70833333333334
CUST_135,2024-05-26,204.70833333333334
CUST_135,2024-07-25,204.70833333333334
CUST_135,2024-08-24,204.70833333333334
CUST_135,2024-09-23,204.70833333333334
CUST_135,2024-10-23,204.70833333333334
CUST_135,2024-11-22,204.70833333333334
CUST_135,2024-12-22,204.70833333333334
CUST_135,2025-01-21,204.70833333333334
CUST_135,2025-02-20,204.70833333333334
CUST_135,2025-03-22,204.70833333333334
CUST_135,2025-04-21,204.70833333333334
CUST_135,2025-05-21,204.70833333333334
CUST_135,2025-06-20,204.70833333333334
CUST_135,2025-07-20,204.70833333333334
CUST_135,2025-09-18,204.70833333333334
CUST_135,2025-10-18,204.70833333333334
CUST_136,2023-07-21,1165.6666666666667
CUST_136,2023-08-20,1165.6666666666667
CUST_136,2023-10-19,1165.6666666666667
CUST_136,2023-11-18,1165.6666666666667
CUST_136,2023-12-18,1165.6666666666667
CUST_137,2023-11-01,143.0
CUST_137,2023-12-01,143.0
CUST_137,2023-12-31,143.0
CUST_137,2024-01-30,143.0
CUST_137,2024-03-30,143.0
CUST_137,2024-04-29,143.0
CUST_137,2024-05-29,143.0
CUST_137,2024-06-28,143.0
CUST_137,2024-07-28,143.0
CUST_137,2024-08-27,143.0
CUST_137,2024-10-26,143.0
CUST_137,2024-12-25,143.0
CUST_137,2025-01-24,143.0
CUST_137,2025-02-23,143.0
CUST_137,2025-04-24,143.0
CUST_137,2025-05-24,143.0
CUST_137,2025-06-23,143.0
CUST_137,2025-07-23,143.0
CUST_137,2025-08-22,143.0
CUST_137,2025-09-21,143.0
CUST_138,2023-12-27,823.0
CUST_138,2024-01-26,823.0
CUST_138,2024-02-25,823.0
CUST_138,2024-03-26,823.0
CUST_138,2024-04-25,823.0
CUST_138,2024-05-25,823.0
CUST_138,2024-07-24,823.0
CUST_138,2024-09-22,823.0
CUST_138,2024-10-22,823.0
CUST_138,2024-11-21,823.0
CUST_139,2023-09-26,78.45833333333333
CUST_139,2023-10-26,78.45833333333333
CUST_139,2023-11-25,78.45833333333333
CUST_139,2023-12-25,78.45833333333333
CUST_139,2024-01-24,78.45833333333333
CUST_139,2024-02-23,78.45833333333333
CUST_139,2024-03-24,78.45833333333333
CUST_139,2024-04-23,78.45833333333333
CUST_139,2024-05-23,78.45833333333333
CUST_139,2024-07-22,78.45833333333333
CUST_139,2024-09-20,78.45833333333333
CUST_139,2024-10-20,78.45833333333333
CUST_139,2024-11-19,78.45833333333333
CUST_139,2024-12-19,78.45833333333333
CUST_139,2025-01-18,78.45833333333333
CUST_139,2025-02-17,78.45833333333333
CUST_139,2025-03-19,78.45833333333333
CUST_139,2025-05-18,78.45833333333333
CUST_139,2025-06-17,78.45833333333333
CUST_139,2025-07-17,78.45833333333333
CUST_139,2025-08-16,78.45833333333333
CUST_140,2023-03-13,2579.1666666666665
CUST_140,2023-04-12,2579.1666666666665
CUST_140,2023-05-12,2579.1666666666665
CUST_140,2023-06-11,2579.1666666666665
CUST_140,2023-07-11,2579.1666666666665
CUST_141,2023-06-21,979.3333333333334
CUST_141,2023-07-21,979.3333333333334
CUST_141,2023-08-20,979.3333333333334
CUST_141,2023-09-19,979.3333333333334
CUST_141,2023-10-19,979.3333333333334
CUST_141,2023-11-18,979.3333333333334
CUST_142,2023-06-27,1527.5
CUST_142,2023-07-27,1527.5
CUST_142,2023-08-26,1527.5
CUST_142,2023-09-25,1527.5
CUST_142,2023-10-25,1527.5
CUST_142,2023-11-24,1527.5
CUST_143,2023-11-05,134.41666666666666
CUST_143,2023-12-05,134.41666666666666
CUST_143,2024-01-04,134.41666666666666
CUST_143,2024-02-03,134.41666666666666
CUST_143,2024-03-04,134.41666666666666
CUST_143,2024-04-03,134.41666666666666
CUST_143,2024-05-03,134.41666666666666
CUST_143,2024-08-01,134.41666666666666
CUST_143,2024-08-31,134.41666666666666
CUST_143,2024-09-30,134.41666666666666
CUST_144,2023-04-12,754.3333333333334
CUST_144,2023-06-11,754.3333333333334
CUST_144,2023-08-10,754.3333333333334
CUST_144,2023-09-09,754.3333333333334
CUST_144,2023-10-09,754.3333333333334
CUST_144,2023-11-08,754.3333333333334
CUST_144,2023-12-08,754.3333333333334
CUST_144,2024-01-07,754.3333333333334
CUST_144,2024-02-06,754.3333333333334
CUST_144,2024-03-07,754.3333333333334
CUST_144,2024-04-06,754.3333333333334
CUST_144,2024-05-06,754.3333333333334
CUST_144,2024-07-05,754.3333333333334
CUST_144,2024-08-04,754.3333333333334
CUST_144,2024-09-03,754.3333333333334
CUST_144,2024-11-02,754.3333333333334
CUST_144,2024-12-02,754.3333333333334
CUST_144,2025-01-01,754.3333333333334
CUST_144,2025-01-31,754.3333333333334
CUST_144,2025-03-02,754.3333333333334
CUST_145,2023-02-13,946.8333333333334
CUST_145,2023-04-14,946.8333333333334
CUST_145,2023-05-14,946.8333333333334
CUST_145,2023-06-13,946.8333333333334
CUST_145,2023-07-13,946.8333333333334
CUST_146,2023-08-22,791.25
CUST_146,2023-10-21,791.25
CUST_146,2023-11-20,791.25
CUST_146,2023-12-20,791.25
CUST_146,2024-01-19,791.25
CUST_146,2024-02-18,791.25
CUST_146,2024-03-19,791.25
CUST_146,2024-04-18,791.25
CUST_146,2024-05-18,791.25
CUST_146,2024-06-17,791.25
CUST_146,2024-07-17,791.25
CUST_146,2024-08-16,791.25
CUST_146,2024-10-15,791.25
CUST_146,2024-12-14,791.25
CUST_146,2025-02-12,791.25
CUST_146,2025-03-14,791.25
CUST_146,2025-04-13,791.25
CUST_146,2025-05-13,791.25
CUST_146,2025-06-12,791.25
CUST_146,2025-07-12,791.25
CUST_147,2023-04-26,811.625
CUST_147,2023-05-26,811.625
CUST_147,2023-06-25,811.625
CUST_147,2023-07-25,811.625
CUST_147,2023-08-24,811.625
CUST_147,2023-09-23,811.625
CUST_147,2023-10-23,811.625
CUST_147,2023-11-22,811.625
CUST_147,2024-01-21,811.625
CUST_147,2024-02-20,811.625
CUST_147,2024-03-21,811.625
CUST_147,2024-04-20,811.625
CUST_147,2024-05-20,811.625
CUST_147,2024-06-19,811.625
CUST_147,2024-07-19,811.625
CUST_147,2024-08-18,811.625
CUST_147,2024-09-17,811.625
CUST_147,2024-10-17,811.625
CUST_147,2024-11-16,811.625
CUST_147,2024-12-16,811.625
CUST_147,2025-01-15,811.625
CUST_147,2025-02-14,811.625
CUST_147,2025-03-16,811.625
CUST_148,2023-12-29,1639.3333333333333
CUST_148,2024-01-28,1639.3333333333333
CUST_148,2024-02-27,1639.3333333333333
CUST_148,2024-03-28,1639.3333333333333
CUST_148,2024-04-27,1639.3333333333333
CUST_148,2024-05-27,1639.3333333333333
CUST_148,2024-07-26,1639.3333333333333
CUST_148,2024-09-24,1639.3333333333333
CUST_148,2024-10-24,1639.3333333333333
CUST_149,2023-07-13,650.75
CUST_149,2023-09-11,650.75
CUST_149,2023-12-10,650.75
CUST_149,2024-01-09,650.75
CUST_149,2024-02-08,650.75
CUST_149,2024-03-09,650.75
CUST_149,2024-04-08,650.75
CUST_149,2024-05-08,650.75
CUST_149,2024-06-07,650.75
CUST_149,2024-07-07,650.75
CUST_149,2024-08-06,650.75
CUST_149,2024-09-05,650.75
CUST_149,2024-10-05,650.75
CUST_149,2024-11-04,650.75
CUST_149,2024-12-04,650.75
CUST_149,2025-02-02,650.75
CUST_149,2025-03-04,650.75
CUST_149,2025-04-03,650.75
CUST_149,2025-05-03,650.75
CUST_149,2025-06-02,650.75
CUST_150,2023-06-25,817.1666666666666
CUST_150,2023-07-25,817.1666666666666
CUST_150,2023-08-24,817.1666666666666
CUST_150,2023-09-23,817.1666666666666
CUST_150,2023-10-23,817.1666666666666
CUST_151,2023-11-01,661.1666666666666
CUST_151,2023-12-01,661.1666666666666
CUST_151,2023-12-31,661.1666666666666
CUST_151,2024-01-30,661.1666666666666
CUST_151,2024-02-29,661.1666666666666
CUST_151,2024-03-30,661.1666666666666
CUST_151,2024-04-29,661.1666666666666
CUST_151,2024-05-29,661.1666666666666
CUST_151,2024-06-28,661.1666666666666
CUST_151,2024-07-28,661.1666666666666
CUST_151,2024-08-27,661.1666666666666
CUST_151,2024-09-26,661.1666666666666
CUST_151,2024-10-26,661.1666666666666
CUST_151,2024-11-25,661.1666666666666
CUST_151,2024-12-25,661.1666666666666
CUST_151,2025-01-24,661.1666666666666
CUST_151,2025-02-23,661.1666666666666
CUST_151,2025-03-25,661.1666666666666
CUST_151,2025-04-24,661.1666666666666
CUST_151,2025-05-24,661.1666666666666
CUST_151,2025-06-23,661.1666666666666
CUST_151,2025-07-23,661.1666666666666
CUST_151,2025-08-22,661.1666666666666
CUST_151,2025-09-21,661.1666666666666
CUST_152,2024-01-01,751.1666666666666
CUST_152,2024-03-01,751.1666666666666
CUST_152,2024-03-31,751.1666666666666
CUST_152,2024-04-30,751.1666666666666
CUST_152,2024-06-29,751.1666666666666
CUST_152,2024-07-29,751.1666666666666
CUST_152,2024-08-28,751.1666666666666
CUST_152,2024-09-27,751.1666666666666
CUST_152,2024-10-27,751.1666666666666
CUST_152,2024-11-26,751.1666666666666
CUST_152,2024-12-26,751.1666666666666
CUST_152,2025-01-25,751.1666666666666
CUST_152,2025-02-24,751.1666666666666
CUST_152,2025-03-26,751.1666666666666
CUST_152,2025-04-25,751.1666666666666
CUST_152,2025-05-25,751.1666666666666
CUST_152,2025-06-24,751.1666666666666
CUST_152,2025-07-24,751.1666666666666
CUST_152,2025-08-23,751.1666666666666
CUST_152,2025-09-22,751.1666666666666
CUST_152,2025-10-22,751.1666666666666
CUST_152,2025-11-21,751.1666666666666
CUST_153,2023-01-13,538.1666666666666
CUST_153,2023-02-12,538.1666666666666
CUST_153,2023-03-14,538.1666666666666
CUST_153,2023-04-13,538.1666666666666
CUST_153,2023-05-13,538.1666666666666
CUST_153,2023-06-12,538.1666666666666
CUST_153,2023-08-11,538.1666666666666
CUST_153,2023-09-10,538.1666666666666
CUST_153,2023-10-10,538.1666666666666
CUST_153,2023-11-09,538.1666666666666
CUST_153,2023-12-09,538.1666666666666
CUST_154,2023-06-03,713.5
CUST_154,2023-07-03,713.5
CUST_154,2023-08-02,713.5
CUST_154,2023-09-01,713.5
CUST_154,2023-10-01,713.5
CUST_154,2023-10-31,713.5
CUST_154,2023-11-30,713.5
CUST_154,2023-12-30,713.5
CUST_154,2024-01-29,713.5
CUST_154,2024-02-28,713.5
CUST_154,2024-03-29,713.5
CUST_154,2024-04-28,713.5
CUST_154,2024-05-28,713.5
CUST_154,2024-06-27,713.5
CUST_154,2024-07-27,713.5
CUST_154,2024-08-26,713.5
CUST_154,2024-09-25,713.5
CUST_154,2024-11-24,713.5
CUST_154,2024-12-24,713.5
CUST_154,2025-01-23,713.5
CUST_154,2025-02-22,713.5
CUST_154,2025-03-24,713.5
CUST_154,2025-04-23,713.5
CUST_155,2023-04-16,257.0
CUST_155,2023-05-16,257.0
CUST_155,2023-06-15,257.0
CUST_155,2023-07-15,257.0
CUST_155,2023-09-13,257.0
CUST_155,2023-10-13,257.0
CUST_155,2023-12-12,257.0
CUST_155,2024-01-11,257.0
CUST_155,2024-02-10,257.0
CUST_155,2024-03-11,257.0
CUST_155,2024-04-10,257.0
CUST_155,2024-05-10,257.0
CUST_155,2024-06-09,257.0
CUST_155,2024-08-08,257.0
CUST_155,2024-09-07,257.0
CUST_155,2024-10-07,257.0
CUST_155,2024-11-06,257.0
CUST_155,2024-12-06,257.0
CUST_155,2025-01-05,257.0
CUST_155,2025-02-04,257.0
CUST_155,2025-03-06,257.0
CUST_156,2023-02-07,3068.5
CUST_156,2023-03-09,3068.5
CUST_156,2023-04-08,3068.5
CUST_156,2023-05-08,3068.5
CUST_156,2023-06-07,3068.5
CUST_156,2023-07-07,3068.5
CUST_157,2023-01-08,658.9583333333334
CUST_157,2023-02-07,658.9583333333334
CUST_157,2023-03-09,658.9583333333334
CUST_157,2023-04-08,658.9583333333334
CUST_157,2023-05-08,658.9583333333334
CUST_157,2023-06-07,658.9583333333334
CUST_157,2023-08-06,658.9583333333334
CUST_157,2023-09-05,658.9583333333334
CUST_157,2023-10-05,658.9583333333334
CUST_157,2023-11-04,658.9583333333334
CUST_157,2023-12-04,658.9583333333334
CUST_157,2024-01-03,658.9583333333334
CUST_157,2024-03-03,658.9583333333334
CUST_157,2024-04-02,658.9583333333334
CUST_157,2024-05-02,658.9583333333334
CUST_157,2024-06-01,658.9583333333334
CUST_157,2024-07-01,658.9583333333334
CUST_157,2024-07-31,658.9583333333334
CUST_157,2024-08-30,658.9583333333334
CUST_157,2024-09-29,658.9583333333334
CUST_157,2024-10-29,658.9583333333334
CUST_157,2024-11-28,658.9583333333334
CUST_158,2023-02-24,742.3333333333334
CUST_158,2023-03-26,742.3333333333334
CUST_158,2023-04-25,742.3333333333334
CUST_158,2023-05-25,742.3333333333334
CUST_158,2023-06-24,742.3333333333334
CUST_158,2023-07-24,742.3333333333334
CUST_158,2023-09-22,742.3333333333334
CUST_158,2023-10-22,742.3333333333334
CUST_158,2023-11-21,742.3333333333334
CUST_158,2023-12-21,742.3333333333334
CUST_158,2024-01-20,742.3333333333334
CUST_159,2023-07-25,465.8333333333333
CUST_159,2023-09-23,465.8333333333333
CUST_159,2023-10-23,465.8333333333333
CUST_159,2023-11-22,465.8333333333333
CUST_159,2023-12-22,465.8333333333333
CUST_159,2024-02-20,465.8333333333333
CUST_159,2024-03-21,465.8333333333333
CUST_159,2024-05-20,465.8333333333333
CUST_159,2024-06-19,465.8333333333333
CUST_159,2024-07-19,465.8333333333333
CUST_159,2024-08-18,465.8333333333333
CUST_159,2024-09-17,465.8333333333333
CUST_159,2024-10-17,465.8333333333333
CUST_159,2024-11-16,465.8333333333333
CUST_159,2024-12-16,465.8333333333333
CUST_159,2025-01-15,465.8333333333333
CUST_159,2025-02-14,465.8333333333333
CUST_159,2025-03-16,465.8333333333333
CUST_159,2025-04-15,465.8333333333333
CUST_160,2023-07-05,360.9166666666667
CUST_160,2023-08-04,360.9166666666667
CUST_160,2023-11-02,360.9166666666667
CUST_160,2023-12-02,360.9166666666667
CUST_160,2024-01-01,360.9166666666667
CUST_160,2024-01-31,360.9166666666667
CUST_160,2024-03-01,360.9166666666667
CUST_160,2024-03-31,360.9166666666667
CUST_160,2024-04-30,360.9166666666667
CUST_160,2024-05-30,360.9166666666667
CUST_160,2024-06-29,360.9166666666667
CUST_160,2024-07-29,360.9166666666667
CUST_160,2024-08-28,360.9166666666667
CUST_160,2024-09-27,360.9166666666667
CUST_160,2024-10-27,360.9166666666667
CUST_160,2024-11-26,360.9166666666667
CUST_160,2024-12-26,360.9166666666667
CUST_160,2025-01-25,360.9166666666667
CUST_160,2025-02-24,360.9166666666667
CUST_160,2025-03-26,360.9166666666667
CUST_160,2025-04-25,360.9166666666667
CUST_160,2025-05-25,360.9166666666667
CUST_161,2023-05-18,777.8333333333334
CUST_161,2023-06-17,777.8333333333334
CUST_161,2023-07-17,777.8333333333334
CUST_161,2023-08-16,777.8333333333334
CUST_161,2023-09-15,777.8333333333334
CUST_161,2023-11-14,777.8333333333334
CUST_161,2023-12-14,777.8333333333334
CUST_161,2024-02-12,777.8333333333334
CUST_161,2024-03-13,777.8333333333334
CUST_161,2024-04-12,777.8333333333334
CUST_162,2023-09-19,375.125
CUST_162,2023-10-19,375.125
CUST_162,2023-11-18,375.125
CUST_162,2023-12-18,375.125
CUST_162,2024-01-17,375.125
CUST_162,2024-02-16,375.125
CUST_162,2024-03-17,375.125
CUST_162,2024-05-16,375.125
CUST_162,2024-06-15,375.125
CUST_162,2024-07-15,375.125
CUST_162,2024-08-14,375.125
CUST_162,2024-10-13,375.125
CUST_162,2024-11-12,375.125
CUST_162,2024-12-12,375.125
CUST_162,2025-01-11,375.125
CUST_162,2025-02-10,375.125
CUST_162,2025-03-12,375.125
CUST_162,2025-04-11,375.125
CUST_162,2025-05-11,375.125
CUST_162,2025-07-10,375.125
CUST_162,2025-08-09,375.125
CUST_163,2023-07-17,1270.8333333333333
CUST_163,2023-08-16,1270.8333333333333
CUST_163,2023-09-15,1270.8333333333333
CUST_163,2023-10-15,1270.8333333333333
CUST_163,2023-12-14,1270.8333333333333
CUST_164,2023-01-19,2114.6666666666665
CUST_164,2023-02-18,2114.6666666666665
CUST_164,2023-03-20,2114.6666666666665
CUST_164,2023-05-19,2114.6666666666665
CUST_164,2023-06-18,2114.6666666666665
CUST_165,2023-07-22,245.58333333333334
CUST_165,2023-08-21,245.58333333333334
CUST_165,2023-09-20,245.58333333333334
CUST_165,2023-10-20,245.58333333333334
CUST_165,2023-11-19,245.58333333333334
CUST_165,2023-12-19,245.58333333333334
CUST_165,2024-01-18,245.58333333333334
CUST_165,2024-02-17,245.58333333333334
CUST_165,2024-03-18,245.58333333333334
CUST_165,2024-04-17,245.58333333333334
CUST_165,2024-05-17,245.58333333333334
CUST_165,2024-07-16,245.58333333333334
CUST_165,2024-08-15,245.58333333333334
CUST_165,2024-10-14,245.58333333333334
CUST_165,2024-11-13,245.58333333333334
CUST_165,2024-12-13,245.58333333333334
CUST_165,2025-01-12,245.58333333333334
CUST_165,2025-02-11,245.58333333333334
CUST_165,2025-03-13,245.58333333333334
CUST_165,2025-04-12,245.58333333333334
CUST_165,2025-05-12,245.58333333333334
CUST_165,2025-06-11,245.58333333333334
CUST_166,2023-11-01,787.9583333333334
CUST_166,2023-12-01,787.9583333333334
CUST_166,2023-12-31,787.9583333333334
CUST_166,2024-01-30,787.9583333333334
CUST_166,2024-02-29,787.9583333333334
CUST_166,2024-03-30,787.9583333333334
CUST_166,2024-05-29,787.9583333333334
CUST_166,2024-07-28,787.9583333333334
CUST_166,2024-09-26,787.9583333333334
CUST_166,2024-10-26,787.9583333333334
CUST_166,2024-11-25,787.9583333333334
CUST_166,2024-12-25,787.9583333333334
CUST_166,2025-01-24,787.9583333333334
CUST_166,2025-02-23,787.9583333333334
CUST_166,2025-03-25,787.9583333333334
CUST_166,2025-04-24,787.9583333333334
CUST_166,2025-05-24,787.9583333333334
CUST_166,2025-06-23,787.9583333333334
CUST_166,2025-07-23,787.9583333333334
CUST_166,2025-08-22,787.9583333333334
CUST_166,2025-09-21,787.9583333333334
CUST_167,2023-04-03,1472.25
CUST_167,2023-05-03,1472.25
CUST_167,2023-07-02,1472.25
CUST_167,2023-08-01,1472.25
CUST_167,2023-08-31,1472.25
CUST_167,2023-09-30,1472.25
CUST_167,2023-10-30,1472.25
CUST_167,2023-11-29,1472.25
CUST_167,2023-12-29,1472.25
CUST_167,2024-01-28,1472.25
CUST_167,2024-02-27,1472.25
CUST_168,2023-05-18,143.91666666666666
CUST_168,2023-06-17,143.91666666666666
CUST_168,2023-07-17,143.91666666666666
CUST_168,2023-08-16,143.91666666666666
CUST_168,2023-09-15,143.91666666666666
CUST_168,2023-10-15,143.91666666666666
CUST_168,2023-11-14,143.91666666666666
CUST_168,2023-12-14,143.91666666666666
CUST_168,2024-01-13,143.91666666666666
CUST_168,2024-03-13,143.91666666666666
CUST_168,2024-04-12,143.91666666666666
CUST_168,2024-05-12,143.91666666666666
CUST_168,2024-07-11,143.91666666666666
CUST_168,2024-09-09,143.91666666666666
CUST_168,2024-10-09,143.91666666666666
CUST_168,2024-11-08,143.91666666666666
CUST_168,2024-12-08,143.91666666666666
CUST_168,2025-01-07,143.91666666666666
CUST_168,2025-02-06,143.91666666666666
CUST_168,2025-03-08,143.91666666666666
CUST_168,2025-04-07,143.91666666666666
CUST_169,2023-07-31,827.875
CUST_169,2023-08-30,827.875
CUST_169,2023-09-29,827.875
CUST_169,2023-10-29,827.875
CUST_169,2023-11-28,827.875
CUST_169,2023-12-28,827.875
CUST_169,2024-01-27,827.875
CUST_169,2024-02-26,827.875
CUST_169,2024-04-26,827.875
CUST_169,2024-05-26,827.875
CUST_169,2024-06-25,827.875
CUST_169,2024-07-25,827.875
CUST_169,2024-09-23,827.875
CUST_169,2024-10-23,827.875
CUST_169,2024-11-22,827.875
CUST_169,2024-12-22,827.875
CUST_169,2025-01-21,827.875
CUST_169,2025-02-20,827.875
CUST_169,2025-03-22,827.875
CUST_169,2025-04-21,827.875
CUST_169,2025-06-20,827.875
CUST_170,2023-12-29,2713.6666666666665
CUST_170,2024-02-27,2713.6666666666665
CUST_170,2024-03-28,2713.6666666666665
CUST_170,2024-04-27,2713.6666666666665
CUST_171,2023-04-05,318.6666666666667
CUST_171,2023-05-05,318.6666666666667
CUST_171,2023-06-04,318.6666666666667
CUST_171,2023-07-04,318.6666666666667
CUST_171,2023-09-02,318.6666666666667
CUST_172,2023-12-22,533.625
CUST_172,2024-02-20,533.625
CUST_172,2024-03-21,533.625
CUST_172,2024-04-20,533.625
CUST_172,2024-05-20,533.625
CUST_172,2024-06-19,533.625
CUST_172,2024-07-19,533.625
CUST_172,2024-08-18,533.625
CUST_172,2024-09-17,533.625
CUST_172,2024-10-17,533.625
CUST_172,2024-11-16,533.625
CUST_172,2024-12-16,533.625
CUST_172,2025-01-15,533.625
CUST_172,2025-02-14,533.625
CUST_172,2025-03-16,533.625
CUST_172,2025-04-15,533.625
CUST_172,2025-05-15,533.625
CUST_172,2025-06-14,533.625
CUST_172,2025-07-14,533.625
CUST_172,2025-08-13,533.625
CUST_172,2025-09-12,533.625
CUST_172,2025-10-12,533.625
CUST_172,2025-11-11,533.625
CUST_173,2023-02-06,324.5
CUST_173,2023-03-08,324.5
CUST_173,2023-04-07,324.5
CUST_173,2023-05-07,324.5
CUST_173,2023-06-06,324.5
CUST_173,2023-08-05,324.5
CUST_173,2023-09-04,324.5
CUST_173,2023-10-04,324.5
CUST_173,2023-11-03,324.5
CUST_173,2023-12-03,324.5
CUST_174,2023-12-03,1407.0
CUST_174,2024-01-02,1407.0
CUST_174,2024-02-01,1407.0
CUST_174,2024-03-02,1407.0
CUST_174,2024-04-01,1407.0
CUST_174,2024-05-01,1407.0
CUST_174,2024-05-31,1407.0
CUST_174,2024-06-30,1407.0
CUST_174,2024-07-30,1407.0
CUST_174,2024-08-29,1407.0
CUST_174,2024-09-28,1407.0
CUST_174,2024-10-28,1407.0
CUST_175,2023-07-05,3058.6666666666665
CUST_175,2023-08-04,3058.6666666666665
CUST_175,2023-09-03,3058.6666666666665
CUST_175,2023-10-03,3058.6666666666665
CUST_175,2023-11-02,3058.6666666666665
CUST_175,2023-12-02,3058.6666666666665
CUST_176,2023-07-28,1082.8333333333333
CUST_176,2023-08-27,1082.8333333333333
CUST_176,2023-09-26,1082.8333333333333
CUST_176,2023-10-26,1082.8333333333333
CUST_176,2023-11-25,1082.8333333333333
CUST_176,2023-12-25,1082.8333333333333
CUST_176,2024-01-24,1082.8333333333333
CUST_176,2024-02-23,1082.8333333333333
CUST_176,2024-03-24,1082.8333333333333
CUST_176,2024-04-23,1082.8333333333333
CUST_176,2024-05-23,1082.8333333333333
CUST_176,2024-06-22,1082.8333333333333
CUST_177,2023-04-17,1078.0
CUST_177,2023-05-17,1078.0
CUST_177,2023-06-16,1078.0
CUST_177,2023-07-16,1078.0
CUST_177,2023-08-15,1078.0
CUST_177,2023-09-14,1078.0
CUST_177,2023-10-14,1078.0
CUST_177,2023-11-13,1078.0
CUST_177,2023-12-13,1078.0
CUST_177,2024-01-12,1078.0
CUST_177,2024-02-11,1078.0
CUST_177,2024-03-12,1078.0
CUST_178,2023-03-31,186.58333333333334
CUST_178,2023-04-30,186.58333333333334
CUST_178,2023-05-30,186.58333333333334
CUST_178,2023-07-29,186.58333333333334
CUST_178,2023-08-28,186.58333333333334
CUST_178,2023-09-27,186.58333333333334
CUST_178,2023-10-27,186.58333333333334
CUST_178,2023-11-26,186.58333333333334
CUST_178,2023-12-26,186.58333333333334
CUST_178,2024-01-25,186.58333333333334
CUST_178,2024-02-24,186.58333333333334
CUST_179,2023-07-12,662.75
CUST_179,2023-08-11,662.75
CUST_179,2023-09-10,662.75
CUST_179,2023-10-10,662.75
CUST_179,2023-11-09,662.75
CUST_179,2023-12-09,662.75
CUST_179,2024-01-08,662.75
CUST_179,2024-02-07,662.75
CUST_179,2024-03-08,662.75
CUST_179,2024-04-07,662.75
CUST_179,2024-05-07,662.75
CUST_179,2024-06-06,662.75
CUST_180,2023-01-09,724.25
CUST_180,2023-02-08,724.25
CUST_180,2023-03-10,724.25
CUST_180,2023-04-09,724.25
CUST_180,2023-05-09,724.25
CUST_180,2023-06-08,724.25
CUST_180,2023-07-08,724.25
CUST_180,2023-09-06,724.25
CUST_180,2023-10-06,724.25
CUST_180,2023-11-05,724.25
CUST_180,2023-12-05,724.25
CUST_181,2023-07-19,1861.6666666666667
CUST_181,2023-08-18,1861.6666666666667
CUST_181,2023-09-17,1861.6666666666667
CUST_181,2023-10-17,1861.6666666666667
CUST_181,2023-11-16,1861.6666666666667
CUST_182,2023-10-23,517.1666666666666
CUST_182,2023-11-22,517.1666666666666
CUST_182,2023-12-22,517.1666666666666
CUST_182,2024-01-21,517.1666666666666
CUST_182,2024-02-20,517.1666666666666
CUST_182,2024-05-20,517.1666666666666
CUST_182,2024-06-19,517.1666666666666
CUST_182,2024-08-18,517.1666666666666
CUST_182,2024-09-17,517.1666666666666
CUST_182,2024-10-17,517.1666666666666
CUST_182,2024-11-16,517.1666666666666
CUST_182,2024-12-16,517.1666666666666
CUST_182,2025-01-15,517.1666666666666
CUST_182,2025-04-15,517.1666666666666
CUST_182,2025-05-15,517.1666666666666
CUST_182,2025-06-14,517.1666666666666
CUST_182,2025-07-14,517.1666666666666
CUST_182,2025-08-13,517.1666666666666
CUST_182,2025-09-12,517.1666666666666
CUST_183,2023-02-08,385.7083333333333
CUST_183,2023-03-10,385.7083333333333
CUST_183,2023-04-09,385.7083333333333
CUST_183,2023-05-09,385.7083333333333
CUST_183,2023-07-08,385.7083333333333
CUST_183,2023-08-07,385.7083333333333
CUST_183,2023-09-06,385.7083333333333
CUST_183,2023-10-06,385.7083333333333
CUST_183,2023-11-05,385.7083333333333
CUST_183,2023-12-05,385.7083333333333
CUST_183,2024-02-03,385.7083333333333
CUST_183,2024-04-03,385.7083333333333
CUST_183,2024-05-03,385.7083333333333
CUST_183,2024-06-02,385.7083333333333
CUST_183,2024-07-02,385.7083333333333
CUST_183,2024-08-01,385.7083333333333
CUST_183,2024-08-31,385.7083333333333
CUST_183,2024-10-30,385.7083333333333
CUST_183,2024-11-29,385.7083333333333
CUST_183,2024-12-29,385.7083333333333
CUST_184,2023-04-18,2152.0
CUST_184,2023-05-18,2152.0
CUST_184,2023-06-17,2152.0
CUST_184,2023-07-17,2152.0
CUST_184,2023-08-16,2152.0
CUST_184,2023-09-15,2152.0
CUST_185,2023-01-25,609.375
CUST_185,2023-02-24,609.375
CUST_185,2023-03-26,609.375
CUST_185,2023-04-25,609.375
CUST_185,2023-05-25,609.375
CUST_185,2023-06-24,609.375
CUST_185,2023-07-24,609.375
CUST_185,2023-08-23,609.375
CUST_185,2023-09-22,609.375
CUST_185,2023-10-22,609.375
CUST_185,2023-11-21,609.375
CUST_185,2023-12-21,609.375
CUST_185,2024-01-20,609.375
CUST_185,2024-02-19,609.375
CUST_185,2024-03-20,609.375
CUST_185,2024-04-19,609.375
CUST_185,2024-05-19,609.375
CUST_185,2024-06-18,609.375
CUST_185,2024-07-18,609.375
CUST_185,2024-08-17,609.375
CUST_185,2024-09-16,609.375
CUST_185,2024-10-16,609.375
CUST_185,2024-11-15,609.375
CUST_185,2024-12-15,609.375
CUST_186,2023-09-11,161.08333333333334
CUST_186,2023-10-11,161.08333333333334
CUST_186,2023-11-10,161.08333333333334
CUST_186,2024-01-09,161.08333333333334
CUST_186,2024-02-08,161.08333333333334
CUST_186,2024-03-09,161.08333333333334
CUST_186,2024-04-08,161.08333333333334
CUST_186,2024-05-08,161.08333333333334
CUST_186,2024-06-07,161.08333333333334
CUST_186,2024-07-07,161.08333333333334
CUST_186,2024-08-06,161.08333333333334
CUST_187,2023-01-06,1277.1666666666667
CUST_187,2023-02-05,1277.1666666666667
CUST_187,2023-03-07,1277.1666666666667
CUST_187,2023-04-06,1277.1666666666667
CUST_187,2023-05-06,1277.1666666666667
CUST_187,2023-06-05,1277.1666666666667
CUST_187,2023-07-05,1277.1666666666667
CUST_187,2023-08-04,1277.1666666666667
CUST_187,2023-10-03,1277.1666666666667
CUST_187,2023-11-02,1277.1666666666667
CUST_187,2023-12-02,1277.1666666666667
CUST_188,2023-01-16,365.0
CUST_188,2023-03-17,365.0
CUST_188,2023-04-16,365.0
CUST_188,2023-05-16,365.0
CUST_188,2023-06-15,365.0
CUST_189,2023-05-04,102.25
CUST_189,2023-06-03,102.25
CUST_189,2023-07-03,102.25
CUST_189,2023-08-02,102.25
CUST_189,2023-09-01,102.25
CUST_189,2023-10-01,102.25
CUST_189,2023-10-31,102.25
CUST_189,2023-11-30,102.25
CUST_189,2023-12-30,102.25
CUST_189,2024-01-29,102.25
CUST_189,2024-02-28,102.25
CUST_189,2024-03-29,102.25
CUST_190,2023-01-19,2951.5
CUST_190,2023-02-18,2951.5
CUST_190,2023-03-20,2951.5
CUST_190,2023-04-19,2951.5
CUST_190,2023-06-18,2951.5
CUST_191,2023-03-15,134.66666666666666
CUST_191,2023-04-14,134.66666666666666
CUST_191,2023-05-14,134.66666666666666
CUST_191,2023-06-13,134.66666666666666
CUST_191,2023-07-13,134.66666666666666
CUST_191,2023-08-12,134.66666666666666
CUST_191,2023-09-11,134.66666666666666
CUST_191,2023-10-11,134.66666666666666
CUST_191,2023-11-10,134.66666666666666
CUST_191,2023-12-10,134.66666666666666
CUST_191,2024-01-09,134.66666666666666
CUST_191,2024-02-08,134.66666666666666
CUST_192,2023-10-03,2458.6666666666665
CUST_192,2023-12-02,2458.6666666666665
CUST_192,2024-01-01,2458.6666666666665
CUST_192,2024-01-31,2458.6666666666665
CUST_192,2024-03-01,2458.6666666666665
CUST_193,2023-06-27,1042.75
CUST_193,2023-07-27,1042.75
CUST_193,2023-09-25,1042.75
CUST_193,2023-10-25,1042.75
CUST_193,2023-11-24,1042.75
CUST_193,2023-12-24,1042.75
CUST_193,2024-01-23,1042.75
CUST_193,2024-02-22,1042.75
CUST_193,2024-03-23,1042.75
CUST_193,2024-04-22,1042.75
CUST_193,2024-05-22,1042.75
CUST_194,2023-09-27,1651.25
CUST_194,2023-10-27,1651.25
CUST_194,2023-11-26,1651.25
CUST_194,2023-12-26,1651.25
CUST_194,2024-01-25,1651.25
CUST_194,2024-02-24,1651.25
CUST_194,2024-03-25,1651.25
CUST_194,2024-04-24,1651.25
CUST_194,2024-06-23,1651.25
CUST_194,2024-07-23,1651.25
CUST_194,2024-08-22,1651.25
CUST_195,2023-05-18,491.4166666666667
CUST_195,2023-06-17,491.4166666666667
CUST_195,2023-07-17,491.4166666666667
CUST_195,2023-08-16,491.4166666666667
CUST_195,2023-09-15,491.4166666666667
CUST_195,2023-11-14,491.4166666666667
CUST_195,2024-01-13,491.4166666666667
CUST_195,2024-02-12,491.4166666666667
CUST_195,2024-04-12,491.4166666666667
CUST_196,2023-08-06,926.5833333333334
CUST_196,2023-09-05,926.5833333333334
CUST_196,2023-10-05,926.5833333333334
CUST_196,2023-11-04,926.5833333333334
CUST_196,2023-12-04,926.5833333333334
CUST_196,2024-01-03,926.5833333333334
CUST_196,2024-02-02,926.5833333333334
CUST_196,2024-03-03,926.5833333333334
CUST_196,2024-04-02,926.5833333333334
CUST_196,2024-05-02,926.5833333333334
CUST_196,2024-07-01,926.5833333333334
CUST_197,2023-03-05,1211.9166666666667
CUST_197,2023-04-04,1211.9166666666667
CUST_197,2023-06-03,1211.9166666666667
CUST_197,2023-07-03,1211.9166666666667
CUST_197,2023-08-02,1211.9166666666667
CUST_197,2023-09-01,1211.9166666666667
CUST_197,2023-10-01,1211.9166666666667
CUST_197,2023-10-31,1211.9166666666667
CUST_197,2023-11-30,1211.9166666666667
CUST_197,2023-12-30,1211.9166666666667
CUST_197,2024-01-29,1211.9166666666667
CUST_198,2023-08-16,2052.6666666666665
CUST_198,2023-10-15,2052.6666666666665
CUST_198,2023-11-14,2052.6666666666665
CUST_198,2023-12-14,2052.6666666666665
CUST_198,2024-01-13,2052.6666666666665
CUST_199,2023-03-19,1447.6666666666667
CUST_199,2023-04-18,1447.6666666666667
CUST_199,2023-05-18,1447.6666666666667
CUST_199,2023-06-17,1447.6666666666667
CUST_199,2023-07-17,1447.6666666666667
CUST_199,2023-08-16,1447.6666666666667
CUST_199,2023-09-15,1447.6666666666667
CUST_199,2023-10-15,1447.6666666666667
CUST_199,2023-11-14,1447.6666666666667
CUST_199,2023-12-14,1447.6666666666667
CUST_199,2024-01-13,1447.6666666666667
CUST_199,2024-02-12,1447.6666666666667
CUST_200,2023-09-09,725.0
CUST_200,2023-10-09,725.0
CUST_200,2023-11-08,725.0
CUST_200,2023-12-08,725.0
CUST_200,2024-01-07,725.0
CUST_200,2024-02-06,725.0
